assetId,sourceCategory,displayCategory,displayName,thumbnailFilename,thumbnailBytes,thumbnailWidth,thumbnailHeight,thumbnailAreaPct,thumbnailStatus,runtimeFilename,runtimeBytes,triangleCount,primitiveCount,materialCount,textureCount,maxTextureDimension,analyticalDecodedRGBABytes,policyVersion,conversionStatus,runtimePolicyStatus,geometryInvarianceStatus,gltfValidationStatus,prototypeDerivedRole,authoritativeSemanticRole
bathroom,bathroom,Kitchen & Bath,Bathroom,thumbnails/bathroom.webp,1876,256,192,23.49,skipped,runtime-assets/bathroom.glb,93012,320,1,1,1,512,1048576,1,built,PASS,PASS,PASS,floorDecor,
bathroom_001,bathroom,Kitchen & Bath,Bathroom 1,thumbnails/bathroom_001.webp,1134,256,192,43.74,skipped,runtime-assets/bathroom_001.glb,90356,246,2,2,2,512,2097152,1,built,PASS,PASS,PASS,floorDecor,
bathroom_002,bathroom,Kitchen & Bath,Bathroom 2,thumbnails/bathroom_002.webp,1372,256,192,21.54,skipped,runtime-assets/bathroom_002.glb,11416,172,2,2,1,512,1048576,1,built,PASS,PASS,PASS,floorDecor,
bathroom_003,bathroom,Kitchen & Bath,Bathroom 3,thumbnails/bathroom_003.webp,838,256,192,7.98,skipped,runtime-assets/bathroom_003.glb,143396,228,2,2,3,512,3145728,1,built,PASS,PASS,PASS,floorDecor,
bathroom_004,bathroom,Kitchen & Bath,Bathroom 4,thumbnails/bathroom_004.webp,1008,256,192,32.88,skipped,runtime-assets/bathroom_004.glb,140324,150,3,3,3,512,3145728,1,built,PASS,PASS,PASS,floorDecor,
bathroom_005,bathroom,Kitchen & Bath,Bathroom 5,thumbnails/bathroom_005.webp,1108,256,192,28.43,skipped,runtime-assets/bathroom_005.glb,212540,64,2,2,2,512,2097152,1,built,PASS,PASS,PASS,floorDecor,
bathroom_006,bathroom,Kitchen & Bath,Bathroom 6,thumbnails/bathroom_006.webp,1882,256,192,28.11,skipped,runtime-assets/bathroom_006.glb,97944,480,1,1,1,512,1048576,1,built,PASS,PASS,PASS,floorDecor,
bathroom_007,bathroom,Kitchen & Bath,Bathroom 7,thumbnails/bathroom_007.webp,1172,256,192,25.63,skipped,runtime-assets/bathroom_007.glb,107900,544,4,4,2,512,2097152,1,built,PASS,PASS,PASS,floorDecor,
bathroom_008,bathroom,Kitchen & Bath,Bathroom 8,thumbnails/bathroom_008.webp,2306,256,192,43.89,skipped,runtime-assets/bathroom_008.glb,307252,582,5,5,4,512,4194304,1,built,PASS,PASS,PASS,floorDecor,
bathroom_009,bathroom,Kitchen & Bath,Bathroom 9,thumbnails/bathroom_009.webp,1332,256,192,41.89,skipped,runtime-assets/bathroom_009.glb,220056,130,3,3,3,512,3145728,1,built,PASS,PASS,PASS,floorDecor,
bathroom_010,bathroom,Kitchen & Bath,Bathroom 10,thumbnails/bathroom_010.webp,1086,256,192,10.47,skipped,runtime-assets/bathroom_010.glb,7572,60,2,2,1,512,1048576,1,built,PASS,PASS,PASS,floorDecor,
bathroom_011,bathroom,Kitchen & Bath,Bathroom 11,thumbnails/bathroom_011.webp,1190,256,192,26.83,skipped,runtime-assets/bathroom_011.glb,92108,224,2,2,2,512,2097152,1,built,PASS,PASS,PASS,floorDecor,
bathroom_012,bathroom,Kitchen & Bath,Bathroom 12,thumbnails/bathroom_012.webp,1652,256,192,30.44,skipped,runtime-assets/bathroom_012.glb,99868,370,3,3,2,512,2097152,1,built,PASS,PASS,PASS,floorDecor,
bathroom_013,bathroom,Kitchen & Bath,Bathroom 13,thumbnails/bathroom_013.webp,1040,256,192,30.26,skipped,runtime-assets/bathroom_013.glb,21168,344,1,1,1,512,1048576,1,built,PASS,PASS,PASS,floorDecor,
bathroom_014,bathroom,Kitchen & Bath,Bathroom 14,thumbnails/bathroom_014.webp,1076,256,192,19.47,skipped,runtime-assets/bathroom_014.glb,115620,800,5,5,2,512,2097152,1,built,PASS,PASS,PASS,floorDecor,
bathroom_015,bathroom,Kitchen & Bath,Bathroom 15,thumbnails/bathroom_015.webp,2370,256,192,39.94,skipped,runtime-assets/bathroom_015.glb,47300,992,3,3,1,512,1048576,1,built,PASS,PASS,PASS,floorDecor,
bathroom_016,bathroom,Kitchen & Bath,Bathroom 16,thumbnails/bathroom_016.webp,1042,256,192,13.68,skipped,runtime-assets/bathroom_016.glb,189896,1058,6,6,4,512,4194304,1,built,PASS,PASS,PASS,floorDecor,
bathroom_017,bathroom,Kitchen & Bath,Bathroom 17,thumbnails/bathroom_017.webp,1366,256,192,34.03,skipped,runtime-assets/bathroom_017.glb,102784,450,3,3,2,512,2097152,1,built,PASS,PASS,PASS,floorDecor,
bathroom_018,bathroom,Kitchen & Bath,Bathroom 18,thumbnails/bathroom_018.webp,2034,256,192,36.73,skipped,runtime-assets/bathroom_018.glb,96680,595,5,5,2,512,2097152,1,built,PASS,PASS,PASS,floorDecor,
bathroom_019,bathroom,Kitchen & Bath,Bathroom 19,thumbnails/bathroom_019.webp,1428,256,192,45.94,skipped,runtime-assets/bathroom_019.glb,155344,1659,5,5,2,512,2097152,1,built,PASS,PASS,PASS,floorDecor,
bathroom_020,bathroom,Kitchen & Bath,Bathroom 20,thumbnails/bathroom_020.webp,1650,256,192,23.31,skipped,runtime-assets/bathroom_020.glb,122468,834,5,5,2,512,2097152,1,built,PASS,PASS,PASS,floorDecor,
bathroom_021,bathroom,Kitchen & Bath,Bathroom 21,thumbnails/bathroom_021.webp,1468,256,192,40.82,skipped,runtime-assets/bathroom_021.glb,548632,1284,5,5,6,512,6291456,1,built,PASS,PASS,PASS,floorDecor,
bathroom_022,bathroom,Kitchen & Bath,Bathroom 22,thumbnails/bathroom_022.webp,2480,256,192,46.55,skipped,runtime-assets/bathroom_022.glb,254928,1298,3,3,3,512,3145728,1,built,PASS,PASS,PASS,floorDecor,
bathroom_023,bathroom,Kitchen & Bath,Bathroom 23,thumbnails/bathroom_023.webp,996,256,192,22.99,skipped,runtime-assets/bathroom_023.glb,94240,289,3,3,2,512,2097152,1,built,PASS,PASS,PASS,floorDecor,
bathroom_024,bathroom,Kitchen & Bath,Bathroom 24,thumbnails/bathroom_024.webp,1000,256,192,25.84,skipped,runtime-assets/bathroom_024.glb,13036,217,2,2,1,512,1048576,1,built,PASS,PASS,PASS,floorDecor,
bathroom_025,bathroom,Kitchen & Bath,Bathroom 25,thumbnails/bathroom_025.webp,2374,256,192,47.62,skipped,runtime-assets/bathroom_025.glb,15484,258,2,2,1,512,1048576,1,built,PASS,PASS,PASS,floorDecor,
bathroom_026,bathroom,Kitchen & Bath,Bathroom 26,thumbnails/bathroom_026.webp,1368,256,192,32.24,skipped,runtime-assets/bathroom_026.glb,318472,552,5,5,4,512,4194304,1,built,PASS,PASS,PASS,floorDecor,
bathroom_027,bathroom,Kitchen & Bath,Bathroom 27,thumbnails/bathroom_027.webp,1050,256,192,18.12,skipped,runtime-assets/bathroom_027.glb,221888,180,2,2,3,512,3145728,1,built,PASS,PASS,PASS,floorDecor,
bathroom_028,bathroom,Kitchen & Bath,Bathroom 28,thumbnails/bathroom_028.webp,1406,256,192,18,skipped,runtime-assets/bathroom_028.glb,14312,228,1,1,1,512,1048576,1,built,PASS,PASS,PASS,floorDecor,
bathroom_029,bathroom,Kitchen & Bath,Bathroom 29,thumbnails/bathroom_029.webp,2642,256,192,36.79,skipped,runtime-assets/bathroom_029.glb,107900,544,4,4,2,512,2097152,1,built,PASS,PASS,PASS,floorDecor,
bathroom_030,bathroom,Kitchen & Bath,Bathroom 30,thumbnails/bathroom_030.webp,3402,256,192,49.05,skipped,runtime-assets/bathroom_030.glb,254760,1298,3,3,3,512,3145728,1,built,PASS,PASS,PASS,floorDecor,
bathroom_031,bathroom,Kitchen & Bath,Bathroom 31,thumbnails/bathroom_031.webp,2394,256,192,29.17,skipped,runtime-assets/bathroom_031.glb,13732,289,1,1,1,512,1048576,1,built,PASS,PASS,PASS,floorDecor,
bathroom_032,bathroom,Kitchen & Bath,Bathroom 32,thumbnails/bathroom_032.webp,2084,256,192,37.6,skipped,runtime-assets/bathroom_032.glb,20956,344,1,1,1,512,1048576,1,built,PASS,PASS,PASS,floorDecor,
bathroom_033,bathroom,Kitchen & Bath,Bathroom 33,thumbnails/bathroom_033.webp,2208,256,192,38.09,skipped,runtime-assets/bathroom_033.glb,105888,642,3,3,2,512,2097152,1,built,PASS,PASS,PASS,floorDecor,
bathroom_034,bathroom,Kitchen & Bath,Bathroom 34,thumbnails/bathroom_034.webp,1434,256,192,32.81,skipped,runtime-assets/bathroom_034.glb,82624,82,1,1,1,512,1048576,1,built,PASS,PASS,PASS,floorDecor,
bathroom_060,bathroom,Kitchen & Bath,Bathroom 60,thumbnails/bathroom_060.webp,3338,256,192,48.75,skipped,runtime-assets/bathroom_060.glb,203452,1298,3,3,3,512,3145728,1,built,PASS,PASS,PASS,floorDecor,
bathroom_061,bathroom,Kitchen & Bath,Bathroom 61,thumbnails/bathroom_061.webp,2080,256,192,25.23,skipped,runtime-assets/bathroom_061.glb,122468,834,5,5,2,512,2097152,1,built,PASS,PASS,PASS,floorDecor,
bathroom_062,bathroom,Kitchen & Bath,Bathroom 62,thumbnails/bathroom_062.webp,1526,256,192,30.03,skipped,runtime-assets/bathroom_062.glb,152120,64,2,2,2,512,2097152,1,built,PASS,PASS,PASS,floorDecor,
bed,bed,Bedroom,Bed,thumbnails/bed.webp,4146,256,192,57.02,skipped,runtime-assets/bed.glb,95940,756,3,3,2,512,2058240,1,built,PASS,PASS,PASS,floorDecor,
bed_016,bed,Bedroom,Bed 16,thumbnails/bed_016.webp,3862,256,192,49.89,skipped,runtime-assets/bed_016.glb,264468,415,4,4,4,512,4194304,1,built,PASS,PASS,PASS,floorDecor,
bed_017,bed,Bedroom,Bed 17,thumbnails/bed_017.webp,1686,256,192,50.98,skipped,runtime-assets/bed_017.glb,143472,659,2,2,3,512,3145728,1,built,PASS,PASS,PASS,floorDecor,
bed_018,bed,Bedroom,Bed 18,thumbnails/bed_018.webp,4126,256,192,62.06,skipped,runtime-assets/bed_018.glb,531180,1660,4,4,5,512,5242880,1,built,PASS,PASS,PASS,floorDecor,
bed_019,bed,Bedroom,Bed 19,thumbnails/bed_019.webp,1806,256,192,54.49,skipped,runtime-assets/bed_019.glb,260456,1356,3,3,3,512,3145728,1,built,PASS,PASS,PASS,floorDecor,
bed_020,bed,Bedroom,Bed 20,thumbnails/bed_020.webp,2324,256,192,50.62,skipped,runtime-assets/bed_020.glb,286560,380,3,3,4,512,4194304,1,built,PASS,PASS,PASS,floorDecor,
bed_021,bed,Bedroom,Bed 21,thumbnails/bed_021.webp,4026,256,192,56.53,skipped,runtime-assets/bed_021.glb,844376,2098,6,6,8,512,8388608,1,built,PASS,PASS,PASS,floorDecor,
bed_022,bed,Bedroom,Bed 22,thumbnails/bed_022.webp,4044,256,192,46.63,skipped,runtime-assets/bed_022.glb,387432,1224,4,4,5,512,5242880,1,built,PASS,PASS,PASS,floorDecor,
bed_023,bed,Bedroom,Bed 23,thumbnails/bed_023.webp,3978,256,192,49.05,skipped,runtime-assets/bed_023.glb,103040,1373,3,3,2,512,2097152,1,built,PASS,PASS,PASS,floorDecor,
bed_024,bed,Bedroom,Bed 24,thumbnails/bed_024.webp,3572,256,192,44.49,skipped,runtime-assets/bed_024.glb,278704,1317,4,4,4,512,3844096,1,built,PASS,PASS,PASS,floorDecor,
bed_025,bed,Bedroom,Bed 25,thumbnails/bed_025.webp,2124,256,192,55.72,skipped,runtime-assets/bed_025.glb,835028,1248,7,7,8,512,8388608,1,built,PASS,PASS,PASS,floorDecor,
bed_026,bed,Bedroom,Bed 26,thumbnails/bed_026.webp,1994,256,192,53.07,skipped,runtime-assets/bed_026.glb,414280,882,4,4,5,512,5242880,1,built,PASS,PASS,PASS,floorDecor,
bed_027,bed,Bedroom,Bed 27,thumbnails/bed_027.webp,1216,256,192,40.81,skipped,runtime-assets/bed_027.glb,15812,332,1,1,1,512,1048576,1,built,PASS,PASS,PASS,floorDecor,
bed_028,bed,Bedroom,Bed 28,thumbnails/bed_028.webp,1876,256,192,38.94,skipped,runtime-assets/bed_028.glb,164584,578,3,3,4,512,4194304,1,built,PASS,PASS,PASS,floorDecor,
bed_029,bed,Bedroom,Bed 29,thumbnails/bed_029.webp,6314,256,192,48.88,skipped,runtime-assets/bed_029.glb,449508,808,4,4,6,512,6291456,1,built,PASS,PASS,PASS,floorDecor,
bed_030,bed,Bedroom,Bed 30,thumbnails/bed_030.webp,2956,256,192,55.91,skipped,runtime-assets/bed_030.glb,49092,1307,1,1,1,512,1048576,1,built,PASS,PASS,PASS,floorDecor,
bed_031,bed,Bedroom,Bed 31,thumbnails/bed_031.webp,2768,256,192,58.76,skipped,runtime-assets/bed_031.glb,304260,1755,4,4,4,512,4194304,1,built,PASS,PASS,PASS,floorDecor,
bed_032,bed,Bedroom,Bed 32,thumbnails/bed_032.webp,1372,256,192,54.36,skipped,runtime-assets/bed_032.glb,246072,822,2,2,3,512,3145728,1,built,PASS,PASS,PASS,floorDecor,
bed_033,bed,Bedroom,Bed 33,thumbnails/bed_033.webp,1112,256,192,42.25,skipped,runtime-assets/bed_033.glb,24088,808,1,1,1,512,1048576,1,built,PASS,PASS,PASS,floorDecor,
bed_034,bed,Bedroom,Bed 34,thumbnails/bed_034.webp,2392,256,192,56.28,skipped,runtime-assets/bed_034.glb,37576,947,2,2,1,512,1048576,1,built,PASS,PASS,PASS,floorDecor,
bed_035,bed,Bedroom,Bed 35,thumbnails/bed_035.webp,1168,256,192,43.67,skipped,runtime-assets/bed_035.glb,37576,947,2,2,1,512,1048576,1,built,PASS,PASS,PASS,floorDecor,
bed_036,bed,Bedroom,Bed 36,thumbnails/bed_036.webp,3246,256,192,56.22,skipped,runtime-assets/bed_036.glb,49092,1307,1,1,1,512,1048576,1,built,PASS,PASS,PASS,floorDecor,
bed_059,bed,Bedroom,Bed 59,thumbnails/bed_059.webp,3566,256,192,60.52,skipped,runtime-assets/bed_059.glb,260024,1660,4,3,3,512,3145728,1,built,PASS,PASS,PASS,floorDecor,
carpet,carpet,Decor,Carpet,thumbnails/carpet.webp,1258,256,192,33.85,skipped,runtime-assets/carpet.glb,173560,321,2,2,3,512,3145728,1,built,PASS,PASS,PASS,rug,
carpet_001,carpet,Decor,Carpet 1,thumbnails/carpet_001.webp,3948,256,192,44.04,skipped,runtime-assets/carpet_001.glb,122240,184,2,2,3,512,3145728,1,built,PASS,PASS,PASS,rug,
carpet_002,carpet,Decor,Carpet 2,thumbnails/carpet_002.webp,2700,256,192,47.61,skipped,runtime-assets/carpet_002.glb,149568,386,2,2,3,512,3145728,1,built,PASS,PASS,PASS,rug,
carpet_003,carpet,Decor,Carpet 3,thumbnails/carpet_003.webp,5394,256,192,50.05,skipped,runtime-assets/carpet_003.glb,230468,189,2,2,3,512,3145728,1,built,PASS,PASS,PASS,rug,
carpet_004,carpet,Decor,Carpet 4,thumbnails/carpet_004.webp,2218,256,192,24.09,skipped,runtime-assets/carpet_004.glb,120288,220,2,2,2,512,2097152,1,built,PASS,PASS,PASS,rug,
carpet_005,carpet,Decor,Carpet 5,thumbnails/carpet_005.webp,1028,256,192,34.54,skipped,runtime-assets/carpet_005.glb,9752,189,2,1,1,512,1048576,1,built,PASS,PASS,PASS,rug,
carpet_007,carpet,Decor,Carpet 7,thumbnails/carpet_007.webp,2386,256,192,50.29,skipped,runtime-assets/carpet_007.glb,11908,184,2,1,1,512,1048576,1,built,PASS,PASS,PASS,rug,
carpet_016,carpet,Decor,Carpet 16,thumbnails/carpet_016.webp,846,256,192,10.92,skipped,runtime-assets/carpet_016.glb,11836,184,2,1,1,512,1048576,1,built,PASS,PASS,PASS,rug,
carpet_017,carpet,Decor,Carpet 17,thumbnails/carpet_017.webp,1418,256,192,31.07,skipped,runtime-assets/carpet_017.glb,14264,321,2,1,1,512,1048576,1,built,PASS,PASS,PASS,rug,
carpet_018,carpet,Decor,Carpet 18,thumbnails/carpet_018.webp,2494,256,192,49.63,skipped,runtime-assets/carpet_018.glb,14264,321,2,1,1,512,1048576,1,built,PASS,PASS,PASS,rug,
carpet_020,carpet,Decor,Carpet 20,thumbnails/carpet_020.webp,1078,256,192,49.8,skipped,runtime-assets/carpet_020.glb,9752,189,2,1,1,512,1048576,1,built,PASS,PASS,PASS,rug,
carpet_022,carpet,Decor,Carpet 22,thumbnails/carpet_022.webp,1058,256,192,25.67,skipped,runtime-assets/carpet_022.glb,11908,184,2,1,1,512,1048576,1,built,PASS,PASS,PASS,rug,
carpet_029,carpet,Decor,Carpet 29,thumbnails/carpet_029.webp,1746,256,192,23.49,skipped,runtime-assets/carpet_029.glb,11808,220,2,2,1,512,1048576,1,built,PASS,PASS,PASS,rug,
carpet_039,carpet,Decor,Carpet 39,thumbnails/carpet_039.webp,1868,256,192,50.29,skipped,runtime-assets/carpet_039.glb,9756,189,2,1,1,512,1048576,1,built,PASS,PASS,PASS,rug,
carpet_053,carpet,Decor,Carpet 53,thumbnails/carpet_053.webp,1864,256,192,50.29,skipped,runtime-assets/carpet_053.glb,9752,189,2,1,1,512,1048576,1,built,PASS,PASS,PASS,rug,
carpet_062,carpet,Decor,Carpet 62,thumbnails/carpet_062.webp,1254,256,192,49.39,skipped,runtime-assets/carpet_062.glb,9752,189,2,1,1,512,1048576,1,built,PASS,PASS,PASS,rug,
carpet_067,carpet,Decor,Carpet 67,thumbnails/carpet_067.webp,1398,256,192,50.05,skipped,runtime-assets/carpet_067.glb,9756,189,2,1,1,512,1048576,1,built,PASS,PASS,PASS,rug,
chair,chair,Seating,Chair,thumbnails/chair.webp,3568,256,192,45.73,skipped,runtime-assets/chair.glb,654096,516,4,4,6,512,6291456,1,built,PASS,PASS,PASS,armchair,
chair_001,chair,Seating,Chair 1,thumbnails/chair_001.webp,1408,256,192,27.13,skipped,runtime-assets/chair_001.glb,8000,142,1,1,1,512,1048576,1,built,PASS,PASS,PASS,armchair,
chair_002,chair,Seating,Chair 2,thumbnails/chair_002.webp,1646,256,192,38.76,skipped,runtime-assets/chair_002.glb,9000,160,1,1,1,512,1048576,1,built,PASS,PASS,PASS,armchair,
chair_003,chair,Seating,Chair 3,thumbnails/chair_003.webp,1654,256,192,47.38,skipped,runtime-assets/chair_003.glb,8472,136,1,1,1,512,1048576,1,built,PASS,PASS,PASS,armchair,
chair_004,chair,Seating,Chair 4,thumbnails/chair_004.webp,1042,256,192,25.74,skipped,runtime-assets/chair_004.glb,8312,130,1,1,1,512,1048576,1,built,PASS,PASS,PASS,armchair,
chair_005,chair,Seating,Chair 5,thumbnails/chair_005.webp,1386,256,192,26.89,skipped,runtime-assets/chair_005.glb,8308,130,1,1,1,512,1048576,1,built,PASS,PASS,PASS,armchair,
chair_006,chair,Seating,Chair 6,thumbnails/chair_006.webp,1010,256,192,28.2,skipped,runtime-assets/chair_006.glb,7748,106,1,1,1,512,1048576,1,built,PASS,PASS,PASS,armchair,
chair_007,chair,Seating,Chair 7,thumbnails/chair_007.webp,990,256,192,28.74,skipped,runtime-assets/chair_007.glb,7744,106,1,1,1,512,1048576,1,built,PASS,PASS,PASS,armchair,
chair_008,chair,Seating,Chair 8,thumbnails/chair_008.webp,1206,256,192,22.48,skipped,runtime-assets/chair_008.glb,96764,374,2,2,2,512,2097152,1,built,PASS,PASS,PASS,armchair,
chair_009,chair,Seating,Chair 9,thumbnails/chair_009.webp,1998,256,192,27.77,skipped,runtime-assets/chair_009.glb,11752,232,1,1,1,512,1048576,1,built,PASS,PASS,PASS,armchair,
chair_010,chair,Seating,Chair 10,thumbnails/chair_010.webp,1912,256,192,25.05,skipped,runtime-assets/chair_010.glb,10788,258,1,1,1,512,1048576,1,built,PASS,PASS,PASS,armchair,
chair_011,chair,Seating,Chair 11,thumbnails/chair_011.webp,2426,256,192,41.59,skipped,runtime-assets/chair_011.glb,528044,768,2,2,4,512,4194304,1,built,PASS,PASS,PASS,armchair,
chair_012,chair,Seating,Chair 12,thumbnails/chair_012.webp,1572,256,192,24.97,skipped,runtime-assets/chair_012.glb,14796,318,2,2,1,512,1048576,1,built,PASS,PASS,PASS,armchair,
chair_013,chair,Seating,Chair 13,thumbnails/chair_013.webp,2672,256,192,38.32,skipped,runtime-assets/chair_013.glb,225892,680,2,2,3,512,3145728,1,built,PASS,PASS,PASS,armchair,
chair_014,chair,Seating,Chair 14,thumbnails/chair_014.webp,1192,256,192,23.93,skipped,runtime-assets/chair_014.glb,95096,452,2,2,2,512,2097152,1,built,PASS,PASS,PASS,armchair,
chair_015,chair,Seating,Chair 15,thumbnails/chair_015.webp,2790,256,192,48.18,skipped,runtime-assets/chair_015.glb,190876,346,2,2,3,512,3145728,1,built,PASS,PASS,PASS,armchair,
chair_016,chair,Seating,Chair 16,thumbnails/chair_016.webp,1262,256,192,14.26,skipped,runtime-assets/chair_016.glb,92984,248,3,3,2,512,2097152,1,built,PASS,PASS,PASS,armchair,
chair_017,chair,Seating,Chair 17,thumbnails/chair_017.webp,1914,256,192,17.58,skipped,runtime-assets/chair_017.glb,92604,354,2,2,2,512,2097152,1,built,PASS,PASS,PASS,armchair,
chair_018,chair,Seating,Chair 18,thumbnails/chair_018.webp,1402,256,192,17.71,skipped,runtime-assets/chair_018.glb,92060,322,2,2,2,512,2097152,1,built,PASS,PASS,PASS,armchair,
chair_019,chair,Seating,Chair 19,thumbnails/chair_019.webp,1052,256,192,19.68,skipped,runtime-assets/chair_019.glb,13860,278,1,1,1,512,1048576,1,built,PASS,PASS,PASS,armchair,
chair_020,chair,Seating,Chair 20,thumbnails/chair_020.webp,1972,256,192,28.03,skipped,runtime-assets/chair_020.glb,92080,400,2,2,2,512,2097152,1,built,PASS,PASS,PASS,armchair,
chair_021,chair,Seating,Chair 21,thumbnails/chair_021.webp,2168,256,192,19.2,skipped,runtime-assets/chair_021.glb,94564,442,2,2,2,512,2097152,1,built,PASS,PASS,PASS,armchair,
chair_022,chair,Seating,Chair 22,thumbnails/chair_022.webp,1562,256,192,19.79,skipped,runtime-assets/chair_022.glb,92148,360,2,2,2,512,2097152,1,built,PASS,PASS,PASS,armchair,
chair_023,chair,Seating,Chair 23,thumbnails/chair_023.webp,2430,256,192,29.82,skipped,runtime-assets/chair_023.glb,233628,376,1,1,2,512,2097152,1,built,PASS,PASS,PASS,armchair,
chair_024,chair,Seating,Chair 24,thumbnails/chair_024.webp,1334,256,192,28.57,skipped,runtime-assets/chair_024.glb,91220,380,2,2,2,512,2097152,1,built,PASS,PASS,PASS,armchair,
chair_025,chair,Seating,Chair 25,thumbnails/chair_025.webp,1574,256,192,22.41,skipped,runtime-assets/chair_025.glb,12668,180,2,2,1,512,1048576,1,built,PASS,PASS,PASS,armchair,
chair_026,chair,Seating,Chair 26,thumbnails/chair_026.webp,1086,256,192,30.31,skipped,runtime-assets/chair_026.glb,23064,452,1,1,1,512,1048576,1,built,PASS,PASS,PASS,armchair,
chair_027,chair,Seating,Chair 27,thumbnails/chair_027.webp,1374,256,192,26.62,skipped,runtime-assets/chair_027.glb,31084,808,2,2,1,512,1048576,1,built,PASS,PASS,PASS,armchair,
chair_028,chair,Seating,Chair 28,thumbnails/chair_028.webp,2714,256,192,30.59,skipped,runtime-assets/chair_028.glb,256220,704,1,1,2,512,2097152,1,built,PASS,PASS,PASS,armchair,
chair_029,chair,Seating,Chair 29,thumbnails/chair_029.webp,3398,256,192,36.13,skipped,runtime-assets/chair_029.glb,332244,316,2,2,3,512,3145728,1,built,PASS,PASS,PASS,armchair,
chair_030,chair,Seating,Chair 30,thumbnails/chair_030.webp,1290,256,192,27.16,skipped,runtime-assets/chair_030.glb,237648,740,2,2,3,512,3145728,1,built,PASS,PASS,PASS,armchair,
chair_031,chair,Seating,Chair 31,thumbnails/chair_031.webp,2232,256,192,23.58,skipped,runtime-assets/chair_031.glb,330176,654,3,3,4,512,4194304,1,built,PASS,PASS,PASS,armchair,
chair_032,chair,Seating,Chair 32,thumbnails/chair_032.webp,2978,256,192,23.13,skipped,runtime-assets/chair_032.glb,277008,2684,3,3,3,512,3145728,1,built,PASS,PASS,PASS,armchair,
chair_033,chair,Seating,Chair 33,thumbnails/chair_033.webp,2060,256,192,22.75,skipped,runtime-assets/chair_033.glb,73584,1932,2,2,1,512,1048576,1,built,PASS,PASS,PASS,armchair,
chair_034,chair,Seating,Chair 34,thumbnails/chair_034.webp,1596,256,192,24.44,skipped,runtime-assets/chair_034.glb,234820,604,3,3,3,512,3145728,1,built,PASS,PASS,PASS,armchair,
chair_035,chair,Seating,Chair 35,thumbnails/chair_035.webp,2550,256,192,21.38,skipped,runtime-assets/chair_035.glb,236628,324,2,2,3,512,3145728,1,built,PASS,PASS,PASS,armchair,
chair_036,chair,Seating,Chair 36,thumbnails/chair_036.webp,1518,256,192,46.69,skipped,runtime-assets/chair_036.glb,223092,547,2,2,3,512,3145728,1,built,PASS,PASS,PASS,armchair,
chair_037,chair,Seating,Chair 37,thumbnails/chair_037.webp,1376,256,192,22.31,skipped,runtime-assets/chair_037.glb,100488,480,3,3,2,512,2097152,1,built,PASS,PASS,PASS,armchair,
chair_038,chair,Seating,Chair 38,thumbnails/chair_038.webp,1444,256,192,25.52,skipped,runtime-assets/chair_038.glb,20572,440,2,2,1,512,1048576,1,built,PASS,PASS,PASS,armchair,
chair_039,chair,Seating,Chair 39,thumbnails/chair_039.webp,1328,256,192,29.18,skipped,runtime-assets/chair_039.glb,90772,348,2,2,2,512,2097152,1,built,PASS,PASS,PASS,armchair,
chair_040,chair,Seating,Chair 40,thumbnails/chair_040.webp,1498,256,192,22.92,skipped,runtime-assets/chair_040.glb,242416,382,3,3,3,512,3145728,1,built,PASS,PASS,PASS,armchair,
chair_041,chair,Seating,Chair 41,thumbnails/chair_041.webp,2164,256,192,20.92,skipped,runtime-assets/chair_041.glb,220724,470,2,2,3,512,3145728,1,built,PASS,PASS,PASS,armchair,
chair_042,chair,Seating,Chair 42,thumbnails/chair_042.webp,1278,256,192,24.22,skipped,runtime-assets/chair_042.glb,16944,384,1,1,1,512,1048576,1,built,PASS,PASS,PASS,armchair,
chair_043,chair,Seating,Chair 43,thumbnails/chair_043.webp,2326,256,192,30.86,skipped,runtime-assets/chair_043.glb,13224,148,2,2,1,512,1048576,1,built,PASS,PASS,PASS,armchair,
chair_044,chair,Seating,Chair 44,thumbnails/chair_044.webp,2708,256,192,22.97,skipped,runtime-assets/chair_044.glb,117584,2758,2,2,1,512,1048576,1,built,PASS,PASS,PASS,armchair,
chair_045,chair,Seating,Chair 45,thumbnails/chair_045.webp,2386,256,192,21.7,skipped,runtime-assets/chair_045.glb,127332,2900,4,4,1,512,1048576,1,built,PASS,PASS,PASS,armchair,
chair_046,chair,Seating,Chair 46,thumbnails/chair_046.webp,1878,256,192,24.1,skipped,runtime-assets/chair_046.glb,536544,2236,2,2,4,512,4194304,1,built,PASS,PASS,PASS,armchair,
chair_047,chair,Seating,Chair 47,thumbnails/chair_047.webp,2222,256,192,33.41,skipped,runtime-assets/chair_047.glb,484592,520,3,3,5,512,5242880,1,built,PASS,PASS,PASS,armchair,
chair_048,chair,Seating,Chair 48,thumbnails/chair_048.webp,1752,256,192,23.96,skipped,runtime-assets/chair_048.glb,96764,374,2,2,2,512,2097152,1,built,PASS,PASS,PASS,armchair,
chair_049,chair,Seating,Chair 49,thumbnails/chair_049.webp,1556,256,192,24.8,skipped,runtime-assets/chair_049.glb,10788,258,1,1,1,512,1048576,1,built,PASS,PASS,PASS,armchair,
chair_050,chair,Seating,Chair 50,thumbnails/chair_050.webp,1806,256,192,28.42,skipped,runtime-assets/chair_050.glb,95096,452,2,2,2,512,2097152,1,built,PASS,PASS,PASS,armchair,
chair_051,chair,Seating,Chair 51,thumbnails/chair_051.webp,2816,256,192,32.17,skipped,runtime-assets/chair_051.glb,23064,452,1,1,1,512,1048576,1,built,PASS,PASS,PASS,armchair,
chair_052,chair,Seating,Chair 52,thumbnails/chair_052.webp,1894,256,192,30.59,skipped,runtime-assets/chair_052.glb,90772,348,2,2,2,512,2097152,1,built,PASS,PASS,PASS,armchair,
chair_058,chair,Seating,Chair 58,thumbnails/chair_058.webp,3048,256,192,51.27,skipped,runtime-assets/chair_058.glb,103072,380,3,3,2,512,2097152,1,built,PASS,PASS,PASS,armchair,
chair_066,chair,Seating,Chair 66,thumbnails/chair_066.webp,2236,256,192,49.11,skipped,runtime-assets/chair_066.glb,13196,196,2,2,1,512,1048576,1,built,PASS,PASS,PASS,armchair,
chair_156,chair,Seating,Chair 156,thumbnails/chair_156.webp,2132,256,192,30.59,skipped,runtime-assets/chair_156.glb,90772,348,2,2,2,512,2097152,1,built,PASS,PASS,PASS,armchair,
chair_157,chair,Seating,Chair 157,thumbnails/chair_157.webp,1388,256,192,26.15,skipped,runtime-assets/chair_157.glb,20572,440,2,2,1,512,1048576,1,built,PASS,PASS,PASS,armchair,
chair_162,chair,Seating,Chair 162,thumbnails/chair_162.webp,3004,256,192,30.47,skipped,runtime-assets/chair_162.glb,250700,704,1,1,2,512,2097152,1,built,PASS,PASS,PASS,armchair,
chair_227,chair,Seating,Chair 227,thumbnails/chair_227.webp,2874,256,192,41.6,skipped,runtime-assets/chair_227.glb,184228,768,2,2,3,512,3145728,1,built,PASS,PASS,PASS,armchair,
coffee_table,coffee,Tables,Coffee Table,thumbnails/coffee_table.webp,2226,256,192,34.11,skipped,runtime-assets/coffee_table.glb,165912,436,1,1,2,512,2097152,1,built,PASS,PASS,PASS,coffeeTable,
coffee_table_024,coffee,Tables,Coffee Table 24,thumbnails/coffee_table_024.webp,2576,256,192,33.11,skipped,runtime-assets/coffee_table_024.glb,208932,92,2,2,3,512,3145728,1,built,PASS,PASS,PASS,coffeeTable,
coffee_table_025,coffee,Tables,Coffee Table 25,thumbnails/coffee_table_025.webp,1318,256,192,19.33,skipped,runtime-assets/coffee_table_025.glb,90768,240,2,2,1,512,1048576,1,built,PASS,PASS,PASS,coffeeTable,
coffee_table_026,coffee,Tables,Coffee Table 26,thumbnails/coffee_table_026.webp,3066,256,192,62.44,skipped,runtime-assets/coffee_table_026.glb,230008,194,1,1,2,512,2097152,1,built,PASS,PASS,PASS,coffeeTable,
coffee_table_027,coffee,Tables,Coffee Table 27,thumbnails/coffee_table_027.webp,2904,256,192,62.47,skipped,runtime-assets/coffee_table_027.glb,154588,106,1,1,2,512,2097152,1,built,PASS,PASS,PASS,coffeeTable,
coffee_table_028,coffee,Tables,Coffee Table 28,thumbnails/coffee_table_028.webp,1144,256,192,45,skipped,runtime-assets/coffee_table_028.glb,9356,106,1,1,1,512,1048576,1,built,PASS,PASS,PASS,coffeeTable,
coffee_table_029,coffee,Tables,Coffee Table 29,thumbnails/coffee_table_029.webp,1042,256,192,29.89,skipped,runtime-assets/coffee_table_029.glb,229340,436,2,2,3,512,3145728,1,built,PASS,PASS,PASS,coffeeTable,
coffee_table_030,coffee,Tables,Coffee Table 30,thumbnails/coffee_table_030.webp,1128,256,192,43.75,skipped,runtime-assets/coffee_table_030.glb,12444,194,1,1,1,512,1048576,1,built,PASS,PASS,PASS,coffeeTable,
coffee_table_031,coffee,Tables,Coffee Table 31,thumbnails/coffee_table_031.webp,2992,256,192,60.92,skipped,runtime-assets/coffee_table_031.glb,209732,194,1,1,2,512,2097152,1,built,PASS,PASS,PASS,coffeeTable,
coffee_table_032,coffee,Tables,Coffee Table 32,thumbnails/coffee_table_032.webp,1244,256,192,50.1,skipped,runtime-assets/coffee_table_032.glb,215008,106,1,1,2,512,2097152,1,built,PASS,PASS,PASS,coffeeTable,
coffee_table_033,coffee,Tables,Coffee Table 33,thumbnails/coffee_table_033.webp,2642,256,192,32.47,skipped,runtime-assets/coffee_table_033.glb,256212,968,2,2,3,512,3145728,1,built,PASS,PASS,PASS,coffeeTable,
coffee_table_034,coffee,Tables,Coffee Table 34,thumbnails/coffee_table_034.webp,3200,256,192,54.07,skipped,runtime-assets/coffee_table_034.glb,263768,98,3,3,4,512,4194304,1,built,PASS,PASS,PASS,coffeeTable,
coffee_table_035,coffee,Tables,Coffee Table 35,thumbnails/coffee_table_035.webp,2990,256,192,33.86,skipped,runtime-assets/coffee_table_035.glb,384052,464,3,3,5,512,5242880,1,built,PASS,PASS,PASS,coffeeTable,
coffee_table_036,coffee,Tables,Coffee Table 36,thumbnails/coffee_table_036.webp,966,256,192,27.26,skipped,runtime-assets/coffee_table_036.glb,229532,504,2,2,3,512,3145728,1,built,PASS,PASS,PASS,coffeeTable,
coffee_table_037,coffee,Tables,Coffee Table 37,thumbnails/coffee_table_037.webp,1012,256,192,24.47,skipped,runtime-assets/coffee_table_037.glb,217216,140,2,2,3,512,3145728,1,built,PASS,PASS,PASS,coffeeTable,
coffee_table_038,coffee,Tables,Coffee Table 38,thumbnails/coffee_table_038.webp,1434,256,192,33.37,skipped,runtime-assets/coffee_table_038.glb,88168,160,2,2,1,512,1048576,1,built,PASS,PASS,PASS,coffeeTable,
coffee_table_039,coffee,Tables,Coffee Table 39,thumbnails/coffee_table_039.webp,3120,256,192,46.39,skipped,runtime-assets/coffee_table_039.glb,188968,208,2,2,3,512,3145728,1,built,PASS,PASS,PASS,coffeeTable,
coffee_table_040,coffee,Tables,Coffee Table 40,thumbnails/coffee_table_040.webp,2634,256,192,62.12,skipped,runtime-assets/coffee_table_040.glb,12444,194,1,1,1,512,1048576,1,built,PASS,PASS,PASS,coffeeTable,
coffee_table_068,coffee,Tables,Coffee Table 68,thumbnails/coffee_table_068.webp,2710,256,192,34.08,skipped,runtime-assets/coffee_table_068.glb,238824,436,1,1,2,512,2097152,1,built,PASS,PASS,PASS,coffeeTable,
cupboard,cupboard,Storage,Cupboard,thumbnails/cupboard.webp,1868,256,192,35.38,skipped,runtime-assets/cupboard.glb,160268,192,2,2,3,512,3145728,1,built,PASS,PASS,PASS,console,
cupboard_001,cupboard,Storage,Cupboard 1,thumbnails/cupboard_001.webp,2618,256,192,38.01,skipped,runtime-assets/cupboard_001.glb,158528,116,3,3,3,512,3145728,1,built,PASS,PASS,PASS,console,
cupboard_002,cupboard,Storage,Cupboard 2,thumbnails/cupboard_002.webp,3272,256,192,46.58,skipped,runtime-assets/cupboard_002.glb,307496,106,3,3,4,512,4194304,1,built,PASS,PASS,PASS,console,
cupboard_003,cupboard,Storage,Cupboard 3,thumbnails/cupboard_003.webp,2172,256,192,28.11,skipped,runtime-assets/cupboard_003.glb,146032,288,3,3,3,512,3145728,1,built,PASS,PASS,PASS,console,
cupboard_004,cupboard,Storage,Cupboard 4,thumbnails/cupboard_004.webp,2016,256,192,21.08,skipped,runtime-assets/cupboard_004.glb,234104,206,2,2,3,512,3145728,1,built,PASS,PASS,PASS,console,
cupboard_005,cupboard,Storage,Cupboard 5,thumbnails/cupboard_005.webp,1890,256,192,22,skipped,runtime-assets/cupboard_005.glb,233972,228,2,2,3,512,3145728,1,built,PASS,PASS,PASS,console,
cupboard_006,cupboard,Storage,Cupboard 6,thumbnails/cupboard_006.webp,2382,256,192,32.06,skipped,runtime-assets/cupboard_006.glb,255780,582,2,2,3,512,3145728,1,built,PASS,PASS,PASS,console,
cupboard_007,cupboard,Storage,Cupboard 7,thumbnails/cupboard_007.webp,952,256,192,28.36,skipped,runtime-assets/cupboard_007.glb,30832,696,1,1,1,512,1048576,1,built,PASS,PASS,PASS,console,
cupboard_008,cupboard,Storage,Cupboard 8,thumbnails/cupboard_008.webp,952,256,192,15.55,skipped,runtime-assets/cupboard_008.glb,22788,356,2,2,1,512,1048576,1,built,PASS,PASS,PASS,console,
cupboard_009,cupboard,Storage,Cupboard 9,thumbnails/cupboard_009.webp,2334,256,192,29.07,skipped,runtime-assets/cupboard_009.glb,553028,822,5,5,6,512,6291456,1,built,PASS,PASS,PASS,console,
cupboard_010,cupboard,Storage,Cupboard 10,thumbnails/cupboard_010.webp,2340,256,192,33.75,skipped,runtime-assets/cupboard_010.glb,424072,306,4,4,6,512,6291456,1,built,PASS,PASS,PASS,console,
cupboard_011,cupboard,Storage,Cupboard 11,thumbnails/cupboard_011.webp,1974,256,192,29.07,skipped,runtime-assets/cupboard_011.glb,441060,126,3,3,5,512,5242880,1,built,PASS,PASS,PASS,console,
cupboard_012,cupboard,Storage,Cupboard 12,thumbnails/cupboard_012.webp,2578,256,192,43.16,skipped,runtime-assets/cupboard_012.glb,445064,216,3,3,5,512,5242880,1,built,PASS,PASS,PASS,console,
cupboard_013,cupboard,Storage,Cupboard 13,thumbnails/cupboard_013.webp,2004,256,192,36.46,skipped,runtime-assets/cupboard_013.glb,306992,36,3,3,4,512,4194304,1,built,PASS,PASS,PASS,console,
cupboard_014,cupboard,Storage,Cupboard 14,thumbnails/cupboard_014.webp,1638,256,192,29.57,skipped,runtime-assets/cupboard_014.glb,13772,172,3,3,1,512,1048576,1,built,PASS,PASS,PASS,console,
cupboard_015,cupboard,Storage,Cupboard 15,thumbnails/cupboard_015.webp,2054,256,192,29.76,skipped,runtime-assets/cupboard_015.glb,185296,154,2,2,3,512,3145728,1,built,PASS,PASS,PASS,console,
cupboard_016,cupboard,Storage,Cupboard 16,thumbnails/cupboard_016.webp,980,256,192,26.32,skipped,runtime-assets/cupboard_016.glb,14460,222,2,2,1,512,1048576,1,built,PASS,PASS,PASS,console,
cupboard_017,cupboard,Storage,Cupboard 17,thumbnails/cupboard_017.webp,1042,256,192,25.63,skipped,runtime-assets/cupboard_017.glb,17564,256,3,3,1,512,1048576,1,built,PASS,PASS,PASS,console,
cupboard_018,cupboard,Storage,Cupboard 18,thumbnails/cupboard_018.webp,1012,256,192,27.03,skipped,runtime-assets/cupboard_018.glb,7024,60,1,1,1,512,1048576,1,built,PASS,PASS,PASS,console,
cupboard_019,cupboard,Storage,Cupboard 19,thumbnails/cupboard_019.webp,2420,256,192,26.68,skipped,runtime-assets/cupboard_019.glb,168300,248,3,3,3,512,3145728,1,built,PASS,PASS,PASS,console,
cupboard_020,cupboard,Storage,Cupboard 20,thumbnails/cupboard_020.webp,2654,256,192,24.76,skipped,runtime-assets/cupboard_020.glb,257968,824,1,1,2,512,2097152,1,built,PASS,PASS,PASS,console,
cupboard_021,cupboard,Storage,Cupboard 21,thumbnails/cupboard_021.webp,2930,256,192,27.97,skipped,runtime-assets/cupboard_021.glb,522032,1252,4,4,6,512,6291456,1,built,PASS,PASS,PASS,console,
cupboard_022,cupboard,Storage,Cupboard 22,thumbnails/cupboard_022.webp,1246,256,192,33.22,skipped,runtime-assets/cupboard_022.glb,85384,1212,2,2,1,512,1048576,1,built,PASS,PASS,PASS,console,
cupboard_023,cupboard,Storage,Cupboard 23,thumbnails/cupboard_023.webp,2232,256,192,33.64,skipped,runtime-assets/cupboard_023.glb,7024,60,1,1,1,512,1048576,1,built,PASS,PASS,PASS,console,
cupboard_024,cupboard,Storage,Cupboard 24,thumbnails/cupboard_024.webp,3218,256,192,37.48,skipped,runtime-assets/cupboard_024.glb,85384,1212,2,2,1,512,1048576,1,built,PASS,PASS,PASS,console,
cupboard_025,cupboard,Storage,Cupboard 25,thumbnails/cupboard_025.webp,1608,256,192,29.57,skipped,runtime-assets/cupboard_025.glb,11668,172,1,1,1,512,1048576,1,built,PASS,PASS,PASS,console,
cupboard_038,cupboard,Storage,Cupboard 38,thumbnails/cupboard_038.webp,2798,256,192,45.97,skipped,runtime-assets/cupboard_038.glb,88696,106,3,2,2,512,2097152,1,built,PASS,PASS,PASS,console,
cupboard_059,cupboard,Storage,Cupboard 59,thumbnails/cupboard_059.webp,1724,256,192,28.29,skipped,runtime-assets/cupboard_059.glb,235464,154,2,2,3,512,3145728,1,built,PASS,PASS,PASS,console,
cupboard_069,cupboard,Storage,Cupboard 69,thumbnails/cupboard_069.webp,1258,256,192,32.06,skipped,runtime-assets/cupboard_069.glb,221468,192,2,2,3,512,3145728,1,built,PASS,PASS,PASS,console,
cupboard_070,cupboard,Storage,Cupboard 70,thumbnails/cupboard_070.webp,2310,256,192,35.37,skipped,runtime-assets/cupboard_070.glb,212352,192,2,2,3,512,3145728,1,built,PASS,PASS,PASS,console,
cupboard_082,cupboard,Storage,Cupboard 82,thumbnails/cupboard_082.webp,2368,256,192,28.75,skipped,runtime-assets/cupboard_082.glb,553032,822,5,5,6,512,6291456,1,built,PASS,PASS,PASS,console,
curtain_003,curtain,Decor,Curtain 3,thumbnails/curtain_003.webp,1120,256,192,43.73,skipped,runtime-assets/curtain_003.glb,7068,132,1,1,1,512,1048576,1,built,PASS,PASS,PASS,floorDecor,
curtain_004,curtain,Decor,Curtain 4,thumbnails/curtain_004.webp,1542,256,192,44.71,skipped,runtime-assets/curtain_004.glb,7068,132,1,1,1,512,1048576,1,built,PASS,PASS,PASS,floorDecor,
curtain_005,curtain,Decor,Curtain 5,thumbnails/curtain_005.webp,1232,256,192,16.5,skipped,runtime-assets/curtain_005.glb,23336,764,2,2,1,512,1048576,1,built,PASS,PASS,PASS,floorDecor,
curtain_006,curtain,Decor,Curtain 6,thumbnails/curtain_006.webp,1360,256,192,21.86,skipped,runtime-assets/curtain_006.glb,26520,872,2,2,1,512,1048576,1,built,PASS,PASS,PASS,floorDecor,
curtain_007,curtain,Decor,Curtain 7,thumbnails/curtain_007.webp,806,256,192,39.84,skipped,runtime-assets/curtain_007.glb,7068,132,1,1,1,512,1048576,1,built,PASS,PASS,PASS,floorDecor,
curtain_008,curtain,Decor,Curtain 8,thumbnails/curtain_008.webp,1172,256,192,20.5,skipped,runtime-assets/curtain_008.glb,23340,764,2,2,1,512,1048576,1,built,PASS,PASS,PASS,floorDecor,
curtain_009,curtain,Decor,Curtain 9,thumbnails/curtain_009.webp,1160,256,192,19.3,skipped,runtime-assets/curtain_009.glb,23380,764,2,2,1,512,1048576,1,built,PASS,PASS,PASS,floorDecor,
curtain_010,curtain,Decor,Curtain 10,thumbnails/curtain_010.webp,1246,256,192,12.38,skipped,runtime-assets/curtain_010.glb,23484,764,2,2,1,512,1048576,1,built,PASS,PASS,PASS,floorDecor,
curtain_011,curtain,Decor,Curtain 11,thumbnails/curtain_011.webp,1226,256,192,12.61,skipped,runtime-assets/curtain_011.glb,23524,764,2,2,1,512,1048576,1,built,PASS,PASS,PASS,floorDecor,
curtain_012,curtain,Decor,Curtain 12,thumbnails/curtain_012.webp,2014,256,192,32.56,skipped,runtime-assets/curtain_012.glb,35708,760,1,1,1,512,1048576,1,built,PASS,PASS,PASS,floorDecor,
curtain_014,curtain,Decor,Curtain 14,thumbnails/curtain_014.webp,1846,256,192,32.56,skipped,runtime-assets/curtain_014.glb,25904,540,1,1,1,512,1048576,1,built,PASS,PASS,PASS,floorDecor,
curtain_015,curtain,Decor,Curtain 15,thumbnails/curtain_015.webp,1644,256,192,32.56,skipped,runtime-assets/curtain_015.glb,18064,364,1,1,1,512,1048576,1,built,PASS,PASS,PASS,floorDecor,
curtain_030,curtain,Decor,Curtain 30,thumbnails/curtain_030.webp,1248,256,192,17.09,skipped,runtime-assets/curtain_030.glb,26484,872,2,2,1,512,1048576,1,built,PASS,PASS,PASS,floorDecor,
curtain_031,curtain,Decor,Curtain 31,thumbnails/curtain_031.webp,1268,256,192,17.97,skipped,runtime-assets/curtain_031.glb,26520,872,2,2,1,512,1048576,1,built,PASS,PASS,PASS,floorDecor,
curtain_032,curtain,Decor,Curtain 32,thumbnails/curtain_032.webp,1462,256,192,43.51,skipped,runtime-assets/curtain_032.glb,227688,132,1,1,2,512,2097152,1,built,PASS,PASS,PASS,floorDecor,
curtain_033,curtain,Decor,Curtain 33,thumbnails/curtain_033.webp,1018,256,192,11.98,skipped,runtime-assets/curtain_033.glb,23484,764,2,2,1,512,1048576,1,built,PASS,PASS,PASS,floorDecor,
curtain_034,curtain,Decor,Curtain 34,thumbnails/curtain_034.webp,1000,256,192,11.21,skipped,runtime-assets/curtain_034.glb,23524,764,2,2,1,512,1048576,1,built,PASS,PASS,PASS,floorDecor,
curtain_035,curtain,Decor,Curtain 35,thumbnails/curtain_035.webp,1120,256,192,43.73,skipped,runtime-assets/curtain_035.glb,7068,132,1,1,1,512,1048576,1,built,PASS,PASS,PASS,floorDecor,
curtain_044,curtain,Decor,Curtain 44,thumbnails/curtain_044.webp,1204,256,192,16.97,skipped,runtime-assets/curtain_044.glb,26484,872,2,2,1,512,1048576,1,built,PASS,PASS,PASS,floorDecor,
curtain_045,curtain,Decor,Curtain 45,thumbnails/curtain_045.webp,1236,256,192,17.66,skipped,runtime-assets/curtain_045.glb,26520,872,2,2,1,512,1048576,1,built,PASS,PASS,PASS,floorDecor,
curtain_047,curtain,Decor,Curtain 47,thumbnails/curtain_047.webp,1202,256,192,21.03,skipped,runtime-assets/curtain_047.glb,23340,764,2,2,1,512,1048576,1,built,PASS,PASS,PASS,floorDecor,
curtain_048,curtain,Decor,Curtain 48,thumbnails/curtain_048.webp,1188,256,192,19.92,skipped,runtime-assets/curtain_048.glb,23380,764,2,2,1,512,1048576,1,built,PASS,PASS,PASS,floorDecor,
curtain_049,curtain,Decor,Curtain 49,thumbnails/curtain_049.webp,806,256,192,39.84,skipped,runtime-assets/curtain_049.glb,7068,132,1,1,1,512,1048576,1,built,PASS,PASS,PASS,floorDecor,
curtain_050,curtain,Decor,Curtain 50,thumbnails/curtain_050.webp,806,256,192,39.84,skipped,runtime-assets/curtain_050.glb,7068,132,1,1,1,512,1048576,1,built,PASS,PASS,PASS,floorDecor,
curtain_067,curtain,Decor,Curtain 67,thumbnails/curtain_067.webp,1298,256,192,16.61,skipped,runtime-assets/curtain_067.glb,23336,764,2,2,1,512,1048576,1,built,PASS,PASS,PASS,floorDecor,
curtain_074,curtain,Decor,Curtain 74,thumbnails/curtain_074.webp,2062,256,192,32.56,skipped,runtime-assets/curtain_074.glb,19104,364,2,2,1,512,1048576,1,built,PASS,PASS,PASS,floorDecor,
curtain_076,curtain,Decor,Curtain 76,thumbnails/curtain_076.webp,2880,256,192,32.56,skipped,runtime-assets/curtain_076.glb,36456,760,2,2,1,512,1048576,1,built,PASS,PASS,PASS,floorDecor,
curtain_077,curtain,Decor,Curtain 77,thumbnails/curtain_077.webp,2466,256,192,32.56,skipped,runtime-assets/curtain_077.glb,26816,540,2,2,1,512,1048576,1,built,PASS,PASS,PASS,floorDecor,
curtain_085,curtain,Decor,Curtain 85,thumbnails/curtain_085.webp,908,256,192,13.96,skipped,runtime-assets/curtain_085.glb,13344,444,1,1,1,512,1048576,1,built,PASS,PASS,PASS,floorDecor,
door,door,Architecture,Door,thumbnails/door.webp,2580,256,192,20.18,skipped,runtime-assets/door.glb,193756,316,3,3,3,512,3145728,1,built,PASS,PASS,PASS,floorDecor,
door_027,door,Architecture,Door 27,thumbnails/door_027.webp,1674,256,192,24.26,skipped,runtime-assets/door_027.glb,225780,28,1,1,2,512,2097152,1,built,PASS,PASS,PASS,floorDecor,
door_028,door,Architecture,Door 28,thumbnails/door_028.webp,1662,256,192,18.41,skipped,runtime-assets/door_028.glb,237688,204,2,2,3,512,3145728,1,built,PASS,PASS,PASS,floorDecor,
door_029,door,Architecture,Door 29,thumbnails/door_029.webp,918,256,192,20.48,skipped,runtime-assets/door_029.glb,4876,24,1,1,1,512,1048576,1,built,PASS,PASS,PASS,floorDecor,
door_030,door,Architecture,Door 30,thumbnails/door_030.webp,918,256,192,20.48,skipped,runtime-assets/door_030.glb,5104,30,1,1,1,512,1048576,1,built,PASS,PASS,PASS,floorDecor,
door_031,door,Architecture,Door 31,thumbnails/door_031.webp,2014,256,192,27.51,skipped,runtime-assets/door_031.glb,177612,30,1,1,2,512,2097152,1,built,PASS,PASS,PASS,floorDecor,
door_032,door,Architecture,Door 32,thumbnails/door_032.webp,2412,256,192,18.8,skipped,runtime-assets/door_032.glb,201280,428,3,3,3,512,3145728,1,built,PASS,PASS,PASS,floorDecor,
door_033,door,Architecture,Door 33,thumbnails/door_033.webp,894,256,192,15.38,skipped,runtime-assets/door_033.glb,222720,204,2,2,3,512,3145728,1,built,PASS,PASS,PASS,floorDecor,
door_034,door,Architecture,Door 34,thumbnails/door_034.webp,1706,256,192,24.41,skipped,runtime-assets/door_034.glb,201744,28,1,1,2,512,2097152,1,built,PASS,PASS,PASS,floorDecor,
door_035,door,Architecture,Door 35,thumbnails/door_035.webp,1638,256,192,19.09,skipped,runtime-assets/door_035.glb,213604,204,2,2,3,512,3145728,1,built,PASS,PASS,PASS,floorDecor,
door_036,door,Architecture,Door 36,thumbnails/door_036.webp,1640,256,192,24.41,skipped,runtime-assets/door_036.glb,227828,28,1,1,2,512,2097152,1,built,PASS,PASS,PASS,floorDecor,
door_037,door,Architecture,Door 37,thumbnails/door_037.webp,1540,256,192,18.49,skipped,runtime-assets/door_037.glb,239736,204,2,2,3,512,3145728,1,built,PASS,PASS,PASS,floorDecor,
door_038,door,Architecture,Door 38,thumbnails/door_038.webp,1006,256,192,15.71,skipped,runtime-assets/door_038.glb,24940,428,3,3,1,512,1048576,1,built,PASS,PASS,PASS,floorDecor,
door_039,door,Architecture,Door 39,thumbnails/door_039.webp,918,256,192,20.48,skipped,runtime-assets/door_039.glb,5108,30,1,1,1,512,1048576,1,built,PASS,PASS,PASS,floorDecor,
door_040,door,Architecture,Door 40,thumbnails/door_040.webp,2008,256,192,18.49,skipped,runtime-assets/door_040.glb,24940,428,3,3,1,512,1048576,1,built,PASS,PASS,PASS,floorDecor,
door_041,door,Architecture,Door 41,thumbnails/door_041.webp,1672,256,192,27.17,skipped,runtime-assets/door_041.glb,5108,30,1,1,1,512,1048576,1,built,PASS,PASS,PASS,floorDecor,
door_042,door,Architecture,Door 42,thumbnails/door_042.webp,894,256,192,12.82,skipped,runtime-assets/door_042.glb,191380,204,2,2,3,512,3145728,1,built,PASS,PASS,PASS,floorDecor,
door_043,door,Architecture,Door 43,thumbnails/door_043.webp,1908,256,192,24.41,skipped,runtime-assets/door_043.glb,177660,28,1,1,2,512,2097152,1,built,PASS,PASS,PASS,floorDecor,
door_044,door,Architecture,Door 44,thumbnails/door_044.webp,900,256,192,19.08,skipped,runtime-assets/door_044.glb,179476,28,1,1,2,512,2097152,1,built,PASS,PASS,PASS,floorDecor,
door_045,door,Architecture,Door 45,thumbnails/door_045.webp,1496,256,192,19.17,skipped,runtime-assets/door_045.glb,162296,204,2,2,3,512,3145728,1,built,PASS,PASS,PASS,floorDecor,
door_046,door,Architecture,Door 46,thumbnails/door_046.webp,1700,256,192,24.26,skipped,runtime-assets/door_046.glb,221892,28,1,1,2,512,2097152,1,built,PASS,PASS,PASS,floorDecor,
door_047,door,Architecture,Door 47,thumbnails/door_047.webp,1920,256,192,19.04,skipped,runtime-assets/door_047.glb,189524,204,2,2,3,512,3145728,1,built,PASS,PASS,PASS,floorDecor,
door_048,door,Architecture,Door 48,thumbnails/door_048.webp,1696,256,192,24.41,skipped,runtime-assets/door_048.glb,150392,28,1,1,2,512,2097152,1,built,PASS,PASS,PASS,floorDecor,
door_049,door,Architecture,Door 49,thumbnails/door_049.webp,1712,256,192,18.73,skipped,runtime-assets/door_049.glb,233752,204,2,2,3,512,3145728,1,built,PASS,PASS,PASS,floorDecor,
door_050,door,Architecture,Door 50,thumbnails/door_050.webp,928,256,192,20.79,skipped,runtime-assets/door_050.glb,210812,28,1,1,2,512,2097152,1,built,PASS,PASS,PASS,floorDecor,
door_051,door,Architecture,Door 51,thumbnails/door_051.webp,1502,256,192,25.88,skipped,runtime-assets/door_051.glb,5104,30,1,1,1,512,1048576,1,built,PASS,PASS,PASS,floorDecor,
door_052,door,Architecture,Door 52,thumbnails/door_052.webp,2010,256,192,27.17,skipped,runtime-assets/door_052.glb,177612,30,1,1,2,512,2097152,1,built,PASS,PASS,PASS,floorDecor,
door_053,door,Architecture,Door 53,thumbnails/door_053.webp,1742,256,192,27.51,skipped,runtime-assets/door_053.glb,4876,24,1,1,1,512,1048576,1,built,PASS,PASS,PASS,floorDecor,
door_054,door,Architecture,Door 54,thumbnails/door_054.webp,2016,256,192,27.51,skipped,runtime-assets/door_054.glb,177380,24,1,1,2,512,2097152,1,built,PASS,PASS,PASS,floorDecor,
door_055,door,Architecture,Door 55,thumbnails/door_055.webp,1016,256,192,13.84,skipped,runtime-assets/door_055.glb,17800,316,2,2,1,512,1048576,1,built,PASS,PASS,PASS,floorDecor,
door_056,door,Architecture,Door 56,thumbnails/door_056.webp,900,256,192,14.13,skipped,runtime-assets/door_056.glb,15792,284,2,2,1,512,1048576,1,built,PASS,PASS,PASS,floorDecor,
door_057,door,Architecture,Door 57,thumbnails/door_057.webp,2048,256,192,20.57,skipped,runtime-assets/door_057.glb,191104,284,2,2,3,512,3145728,1,built,PASS,PASS,PASS,floorDecor,
door_058,door,Architecture,Door 58,thumbnails/door_058.webp,1456,256,192,20.44,skipped,runtime-assets/door_058.glb,15792,284,2,2,1,512,1048576,1,built,PASS,PASS,PASS,floorDecor,
door_059,door,Architecture,Door 59,thumbnails/door_059.webp,2272,256,192,20.76,skipped,runtime-assets/door_059.glb,17800,316,2,2,1,512,1048576,1,built,PASS,PASS,PASS,floorDecor,
dresser,dresser,Storage,Dresser,thumbnails/dresser.webp,1126,256,192,37.79,skipped,runtime-assets/dresser.glb,13664,232,2,2,1,512,1048576,1,built,PASS,PASS,PASS,console,
dresser_001,dresser,Storage,Dresser 1,thumbnails/dresser_001.webp,2960,256,192,63.29,skipped,runtime-assets/dresser_001.glb,236988,272,1,1,2,512,2097152,1,built,PASS,PASS,PASS,console,
dresser_002,dresser,Storage,Dresser 2,thumbnails/dresser_002.webp,2792,256,192,52.73,skipped,runtime-assets/dresser_002.glb,428704,360,3,3,5,512,5242880,1,built,PASS,PASS,PASS,console,
dresser_003,dresser,Storage,Dresser 3,thumbnails/dresser_003.webp,1158,256,192,36.72,skipped,runtime-assets/dresser_003.glb,221948,232,2,2,3,512,3145728,1,built,PASS,PASS,PASS,console,
dresser_004,dresser,Storage,Dresser 4,thumbnails/dresser_004.webp,2624,256,192,51.92,skipped,runtime-assets/dresser_004.glb,862604,184,5,5,9,512,9437184,1,built,PASS,PASS,PASS,console,
dresser_005,dresser,Storage,Dresser 5,thumbnails/dresser_005.webp,1180,256,192,33.23,skipped,runtime-assets/dresser_005.glb,13472,168,2,2,1,512,1048576,1,built,PASS,PASS,PASS,console,
dresser_006,dresser,Storage,Dresser 6,thumbnails/dresser_006.webp,2260,256,192,42.32,skipped,runtime-assets/dresser_006.glb,8328,128,1,1,1,512,1048576,1,built,PASS,PASS,PASS,console,
dresser_007,dresser,Storage,Dresser 7,thumbnails/dresser_007.webp,2140,256,192,44.46,skipped,runtime-assets/dresser_007.glb,154732,130,1,1,2,512,2097152,1,built,PASS,PASS,PASS,console,
dresser_008,dresser,Storage,Dresser 8,thumbnails/dresser_008.webp,1568,256,192,47.92,skipped,runtime-assets/dresser_008.glb,226256,274,3,3,3,512,3145728,1,built,PASS,PASS,PASS,console,
dresser_009,dresser,Storage,Dresser 9,thumbnails/dresser_009.webp,2496,256,192,35.23,skipped,runtime-assets/dresser_009.glb,227772,174,1,1,2,512,2097152,1,built,PASS,PASS,PASS,console,
dresser_010,dresser,Storage,Dresser 10,thumbnails/dresser_010.webp,2092,256,192,44.46,skipped,runtime-assets/dresser_010.glb,37072,770,1,1,1,512,1048576,1,built,PASS,PASS,PASS,console,
dresser_011,dresser,Storage,Dresser 11,thumbnails/dresser_011.webp,2794,256,192,48.24,skipped,runtime-assets/dresser_011.glb,205916,670,3,3,3,512,3145728,1,built,PASS,PASS,PASS,console,
dresser_012,dresser,Storage,Dresser 12,thumbnails/dresser_012.webp,3232,256,192,40.11,skipped,runtime-assets/dresser_012.glb,238660,824,2,2,3,512,3145728,1,built,PASS,PASS,PASS,console,
dresser_013,dresser,Storage,Dresser 13,thumbnails/dresser_013.webp,1902,256,192,42.92,skipped,runtime-assets/dresser_013.glb,42820,924,2,2,1,512,1048576,1,built,PASS,PASS,PASS,console,
dresser_014,dresser,Storage,Dresser 14,thumbnails/dresser_014.webp,1288,256,192,50.71,skipped,runtime-assets/dresser_014.glb,244160,610,3,3,3,512,3145728,1,built,PASS,PASS,PASS,console,
dresser_015,dresser,Storage,Dresser 15,thumbnails/dresser_015.webp,2938,256,192,43.48,skipped,runtime-assets/dresser_015.glb,440400,168,3,3,5,512,5242880,1,built,PASS,PASS,PASS,console,
dresser_016,dresser,Storage,Dresser 16,thumbnails/dresser_016.webp,1770,256,192,35.78,skipped,runtime-assets/dresser_016.glb,247020,420,2,2,3,512,3145728,1,built,PASS,PASS,PASS,console,
dresser_017,dresser,Storage,Dresser 17,thumbnails/dresser_017.webp,2676,256,192,46.97,skipped,runtime-assets/dresser_017.glb,337364,112,3,3,5,512,5242880,1,built,PASS,PASS,PASS,console,
dresser_018,dresser,Storage,Dresser 18,thumbnails/dresser_018.webp,1260,256,192,19.89,skipped,runtime-assets/dresser_018.glb,230432,384,2,2,3,512,3145728,1,built,PASS,PASS,PASS,console,
dresser_019,dresser,Storage,Dresser 19,thumbnails/dresser_019.webp,1208,256,192,20.4,skipped,runtime-assets/dresser_019.glb,223732,228,2,2,3,512,3145728,1,built,PASS,PASS,PASS,console,
dresser_020,dresser,Storage,Dresser 20,thumbnails/dresser_020.webp,1222,256,192,22.42,skipped,runtime-assets/dresser_020.glb,227084,306,2,2,3,512,3145728,1,built,PASS,PASS,PASS,console,
dresser_021,dresser,Storage,Dresser 21,thumbnails/dresser_021.webp,1462,256,192,46.08,skipped,runtime-assets/dresser_021.glb,12248,194,2,2,1,512,1048576,1,built,PASS,PASS,PASS,console,
dresser_022,dresser,Storage,Dresser 22,thumbnails/dresser_022.webp,1996,256,192,40.11,skipped,runtime-assets/dresser_022.glb,234512,458,3,3,3,512,3145728,1,built,PASS,PASS,PASS,console,
dresser_023,dresser,Storage,Dresser 23,thumbnails/dresser_023.webp,3670,256,192,47.94,skipped,runtime-assets/dresser_023.glb,298376,378,4,4,4,512,4194304,1,built,PASS,PASS,PASS,console,
dresser_024,dresser,Storage,Dresser 24,thumbnails/dresser_024.webp,3432,256,192,61.23,skipped,runtime-assets/dresser_024.glb,171444,324,3,3,3,512,3145728,1,built,PASS,PASS,PASS,console,
dresser_025,dresser,Storage,Dresser 25,thumbnails/dresser_025.webp,3030,256,192,49.51,skipped,runtime-assets/dresser_025.glb,341828,216,3,3,5,512,5242880,1,built,PASS,PASS,PASS,console,
dresser_026,dresser,Storage,Dresser 26,thumbnails/dresser_026.webp,2148,256,192,42.16,skipped,runtime-assets/dresser_026.glb,8040,128,1,1,1,512,1048576,1,built,PASS,PASS,PASS,console,
dresser_027,dresser,Storage,Dresser 27,thumbnails/dresser_027.webp,1112,256,192,37.27,skipped,runtime-assets/dresser_027.glb,8040,128,1,1,1,512,1048576,1,built,PASS,PASS,PASS,console,
dresser_028,dresser,Storage,Dresser 28,thumbnails/dresser_028.webp,2208,256,192,42.43,skipped,runtime-assets/dresser_028.glb,8040,128,1,1,1,512,1048576,1,built,PASS,PASS,PASS,console,
dresser_029,dresser,Storage,Dresser 29,thumbnails/dresser_029.webp,2968,256,192,40.62,skipped,runtime-assets/dresser_029.glb,37292,824,2,2,1,512,1048576,1,built,PASS,PASS,PASS,console,
dresser_030,dresser,Storage,Dresser 30,thumbnails/dresser_030.webp,1012,256,192,34.16,skipped,runtime-assets/dresser_030.glb,36132,824,1,1,1,512,1048576,1,built,PASS,PASS,PASS,console,
dresser_031,dresser,Storage,Dresser 31,thumbnails/dresser_031.webp,2630,256,192,63.08,skipped,runtime-assets/dresser_031.glb,35720,610,2,2,1,512,1048576,1,built,PASS,PASS,PASS,console,
dresser_083,dresser,Storage,Dresser 83,thumbnails/dresser_083.webp,2708,256,192,45.07,skipped,runtime-assets/dresser_083.glb,213216,232,2,2,3,512,3145728,1,built,PASS,PASS,PASS,console,
dresser_084,dresser,Storage,Dresser 84,thumbnails/dresser_084.webp,3204,256,192,63,skipped,runtime-assets/dresser_084.glb,235048,610,3,3,3,512,3145728,1,built,PASS,PASS,PASS,console,
dresser_085,dresser,Storage,Dresser 85,thumbnails/dresser_085.webp,3052,256,192,51.7,skipped,runtime-assets/dresser_085.glb,225468,458,3,3,3,512,3145728,1,built,PASS,PASS,PASS,console,
electronics,electronics,Decor,Electronics,thumbnails/electronics.webp,1996,256,192,48.88,skipped,runtime-assets/electronics.glb,6892,60,2,2,1,512,1048576,1,built,PASS,PASS,PASS,floorDecor,
electronics_027,electronics,Decor,Electronics 27,thumbnails/electronics_027.webp,1260,256,192,24.07,skipped,runtime-assets/electronics_027.glb,40200,640,3,3,1,512,1048576,1,built,PASS,PASS,PASS,floorDecor,
electronics_028,electronics,Decor,Electronics 28,thumbnails/electronics_028.webp,2878,256,192,38.58,skipped,runtime-assets/electronics_028.glb,35596,566,3,3,1,512,1048576,1,built,PASS,PASS,PASS,floorDecor,
electronics_029,electronics,Decor,Electronics 29,thumbnails/electronics_029.webp,3320,256,192,43.24,skipped,runtime-assets/electronics_029.glb,125460,932,6,6,2,512,2097152,1,built,PASS,PASS,PASS,floorDecor,
electronics_030,electronics,Decor,Electronics 30,thumbnails/electronics_030.webp,2202,256,192,23.6,skipped,runtime-assets/electronics_030.glb,236324,820,5,5,3,512,3145728,1,built,PASS,PASS,PASS,floorDecor,
electronics_031,electronics,Decor,Electronics 31,thumbnails/electronics_031.webp,1954,256,192,44.85,skipped,runtime-assets/electronics_031.glb,234244,500,5,5,4,512,4194304,1,built,PASS,PASS,PASS,floorDecor,
electronics_032,electronics,Decor,Electronics 32,thumbnails/electronics_032.webp,2740,256,192,33.53,skipped,runtime-assets/electronics_032.glb,34228,514,3,3,1,512,1048576,1,built,PASS,PASS,PASS,floorDecor,
electronics_033,electronics,Decor,Electronics 33,thumbnails/electronics_033.webp,2368,256,192,35.96,skipped,runtime-assets/electronics_033.glb,14140,182,3,3,1,512,1048576,1,built,PASS,PASS,PASS,floorDecor,
electronics_034,electronics,Decor,Electronics 34,thumbnails/electronics_034.webp,1250,256,192,18.26,skipped,runtime-assets/electronics_034.glb,27028,608,2,2,1,512,1048576,1,built,PASS,PASS,PASS,floorDecor,
electronics_035,electronics,Decor,Electronics 35,thumbnails/electronics_035.webp,1692,256,192,20.22,skipped,runtime-assets/electronics_035.glb,32168,638,5,5,1,512,1048576,1,built,PASS,PASS,PASS,floorDecor,
electronics_036,electronics,Decor,Electronics 36,thumbnails/electronics_036.webp,2958,256,192,33.89,skipped,runtime-assets/electronics_036.glb,125156,986,6,6,2,512,2097152,1,built,PASS,PASS,PASS,floorDecor,
electronics_037,electronics,Decor,Electronics 37,thumbnails/electronics_037.webp,1534,256,192,28.39,skipped,runtime-assets/electronics_037.glb,121852,932,3,3,2,512,2097152,1,built,PASS,PASS,PASS,floorDecor,
electronics_038,electronics,Decor,Electronics 38,thumbnails/electronics_038.webp,1322,256,192,47.14,skipped,runtime-assets/electronics_038.glb,97268,276,4,4,2,512,2097152,1,built,PASS,PASS,PASS,floorDecor,
electronics_039,electronics,Decor,Electronics 39,thumbnails/electronics_039.webp,1810,256,192,21.48,skipped,runtime-assets/electronics_039.glb,27672,600,2,2,1,512,1048576,1,built,PASS,PASS,PASS,floorDecor,
electronics_040,electronics,Decor,Electronics 40,thumbnails/electronics_040.webp,1754,256,192,19.34,skipped,runtime-assets/electronics_040.glb,118040,696,4,4,2,512,2097152,1,built,PASS,PASS,PASS,floorDecor,
electronics_041,electronics,Decor,Electronics 41,thumbnails/electronics_041.webp,1896,256,192,30.71,skipped,runtime-assets/electronics_041.glb,32124,442,3,3,1,512,1048576,1,built,PASS,PASS,PASS,floorDecor,
electronics_042,electronics,Decor,Electronics 42,thumbnails/electronics_042.webp,2816,256,192,35.14,skipped,runtime-assets/electronics_042.glb,32124,442,3,3,1,512,1048576,1,built,PASS,PASS,PASS,floorDecor,
electronics_043,electronics,Decor,Electronics 43,thumbnails/electronics_043.webp,1936,256,192,47.17,skipped,runtime-assets/electronics_043.glb,100044,380,4,4,2,512,2097152,1,built,PASS,PASS,PASS,floorDecor,
electronics_044,electronics,Decor,Electronics 44,thumbnails/electronics_044.webp,2894,256,192,51.44,skipped,runtime-assets/electronics_044.glb,97468,340,4,4,2,512,2097152,1,built,PASS,PASS,PASS,floorDecor,
electronics_045,electronics,Decor,Electronics 45,thumbnails/electronics_045.webp,2720,256,192,51.74,skipped,runtime-assets/electronics_045.glb,95736,324,4,4,2,512,2097152,1,built,PASS,PASS,PASS,floorDecor,
electronics_046,electronics,Decor,Electronics 46,thumbnails/electronics_046.webp,1634,256,192,21,skipped,runtime-assets/electronics_046.glb,26344,600,1,1,1,512,1048576,1,built,PASS,PASS,PASS,floorDecor,
electronics_047,electronics,Decor,Electronics 47,thumbnails/electronics_047.webp,1318,256,192,19.71,skipped,runtime-assets/electronics_047.glb,25348,600,1,1,1,512,1048576,1,built,PASS,PASS,PASS,floorDecor,
electronics_048,electronics,Decor,Electronics 48,thumbnails/electronics_048.webp,1794,256,192,47.1,skipped,runtime-assets/electronics_048.glb,95736,324,4,4,2,512,2097152,1,built,PASS,PASS,PASS,floorDecor,
electronics_049,electronics,Decor,Electronics 49,thumbnails/electronics_049.webp,1940,256,192,35.99,skipped,runtime-assets/electronics_049.glb,9352,116,2,2,1,512,1048576,1,built,PASS,PASS,PASS,floorDecor,
electronics_053,electronics,Decor,Electronics 53,thumbnails/electronics_053.webp,1292,256,192,18.2,skipped,runtime-assets/electronics_053.glb,118040,696,4,4,2,512,2097152,1,built,PASS,PASS,PASS,floorDecor,
entertainment,entertainment,Storage,Entertainment,thumbnails/entertainment.webp,4262,256,192,21.61,skipped,runtime-assets/entertainment.glb,52396,912,1,1,1,512,1048576,1,built,PASS,PASS,PASS,console,
entertainment_011,entertainment,Storage,Entertainment 11,thumbnails/entertainment_011.webp,1630,256,192,18.46,skipped,runtime-assets/entertainment_011.glb,31704,556,3,3,1,512,1048576,1,built,PASS,PASS,PASS,console,
entertainment_025,entertainment,Storage,Entertainment 25,thumbnails/entertainment_025.webp,2376,256,192,22.43,skipped,runtime-assets/entertainment_025.glb,38332,914,4,4,1,512,1048576,1,built,PASS,PASS,PASS,console,
entertainment_031,entertainment,Storage,Entertainment 31,thumbnails/entertainment_031.webp,3442,256,192,33.69,skipped,runtime-assets/entertainment_031.glb,63944,384,4,4,2,512,1486848,1,built,PASS,PASS,PASS,console,
entertainment_032,entertainment,Storage,Entertainment 32,thumbnails/entertainment_032.webp,2626,256,192,62.67,skipped,runtime-assets/entertainment_032.glb,14864,220,3,3,1,512,1048576,1,built,PASS,PASS,PASS,console,
entertainment_033,entertainment,Storage,Entertainment 33,thumbnails/entertainment_033.webp,3048,256,192,57.81,skipped,runtime-assets/entertainment_033.glb,17668,252,2,2,1,512,1048576,1,built,PASS,PASS,PASS,console,
entertainment_034,entertainment,Storage,Entertainment 34,thumbnails/entertainment_034.webp,2826,256,192,38.96,skipped,runtime-assets/entertainment_034.glb,14500,210,3,3,1,512,1048576,1,built,PASS,PASS,PASS,console,
entertainment_035,entertainment,Storage,Entertainment 35,thumbnails/entertainment_035.webp,2924,256,192,34.91,skipped,runtime-assets/entertainment_035.glb,218676,314,4,4,3,512,3145728,1,built,PASS,PASS,PASS,console,
entertainment_036,entertainment,Storage,Entertainment 36,thumbnails/entertainment_036.webp,3330,256,192,32.27,skipped,runtime-assets/entertainment_036.glb,416748,7046,3,3,2,512,2097152,1,built,PASS,PASS,PASS,console,
entertainment_037,entertainment,Storage,Entertainment 37,thumbnails/entertainment_037.webp,2134,256,192,14.23,skipped,runtime-assets/entertainment_037.glb,231600,582,4,4,3,512,3145728,1,built,PASS,PASS,PASS,console,
entertainment_038,entertainment,Storage,Entertainment 38,thumbnails/entertainment_038.webp,1982,256,192,13.07,skipped,runtime-assets/entertainment_038.glb,240712,582,4,4,3,512,3145728,1,built,PASS,PASS,PASS,console,
entertainment_039,entertainment,Storage,Entertainment 39,thumbnails/entertainment_039.webp,3690,256,192,40.43,skipped,runtime-assets/entertainment_039.glb,112604,2196,4,4,1,512,1048576,1,built,PASS,PASS,PASS,console,
entertainment_040,entertainment,Storage,Entertainment 40,thumbnails/entertainment_040.webp,4640,256,192,55.97,skipped,runtime-assets/entertainment_040.glb,663776,1836,6,6,7,512,7340032,1,built,PASS,PASS,PASS,console,
entertainment_041,entertainment,Storage,Entertainment 41,thumbnails/entertainment_041.webp,3878,256,192,35.74,skipped,runtime-assets/entertainment_041.glb,76924,1186,3,3,1,512,1048576,1,built,PASS,PASS,PASS,console,
entertainment_042,entertainment,Storage,Entertainment 42,thumbnails/entertainment_042.webp,1532,256,192,14.75,skipped,runtime-assets/entertainment_042.glb,242400,328,2,2,3,512,3145728,1,built,PASS,PASS,PASS,console,
entertainment_043,entertainment,Storage,Entertainment 43,thumbnails/entertainment_043.webp,1806,256,192,22.99,skipped,runtime-assets/entertainment_043.glb,50904,1166,3,3,1,512,1048576,1,built,PASS,PASS,PASS,console,
entertainment_044,entertainment,Storage,Entertainment 44,thumbnails/entertainment_044.webp,2154,256,192,21.84,skipped,runtime-assets/entertainment_044.glb,240268,866,4,4,3,512,3145728,1,built,PASS,PASS,PASS,console,
entertainment_045,entertainment,Storage,Entertainment 45,thumbnails/entertainment_045.webp,3448,256,192,45.76,skipped,runtime-assets/entertainment_045.glb,215740,1348,3,3,3,512,3145728,1,built,PASS,PASS,PASS,console,
entertainment_046,entertainment,Storage,Entertainment 46,thumbnails/entertainment_046.webp,2504,256,192,20.12,skipped,runtime-assets/entertainment_046.glb,247692,338,4,4,3,512,3145728,1,built,PASS,PASS,PASS,console,
entertainment_047,entertainment,Storage,Entertainment 47,thumbnails/entertainment_047.webp,3400,256,192,41.71,skipped,runtime-assets/entertainment_047.glb,241820,210,4,4,3,512,3145728,1,built,PASS,PASS,PASS,console,
floor,floor,Architecture,Floor,thumbnails/floor.webp,2094,256,192,53.99,skipped,runtime-assets/floor.glb,160060,2,1,1,2,512,2097152,1,built,PASS,PASS,PASS,floorDecor,
floor_006,floor,Architecture,Floor 6,thumbnails/floor_006.webp,2684,256,192,52.62,skipped,runtime-assets/floor_006.glb,95324,2,1,1,2,512,2097152,1,built,PASS,PASS,PASS,floorDecor,
floor_020,floor,Architecture,Floor 20,thumbnails/floor_020.webp,1638,256,192,52.68,skipped,runtime-assets/floor_020.glb,161592,2,1,1,2,512,2097152,1,built,PASS,PASS,PASS,floorDecor,
floor_021,floor,Architecture,Floor 21,thumbnails/floor_021.webp,1860,256,192,53.12,skipped,runtime-assets/floor_021.glb,168400,2,1,1,2,512,2097152,1,built,PASS,PASS,PASS,floorDecor,
floor_022,floor,Architecture,Floor 22,thumbnails/floor_022.webp,1386,256,192,52.47,skipped,runtime-assets/floor_022.glb,228828,2,1,1,2,512,2097152,1,built,PASS,PASS,PASS,floorDecor,
floor_023,floor,Architecture,Floor 23,thumbnails/floor_023.webp,2430,256,192,53.55,skipped,runtime-assets/floor_023.glb,155428,2,1,1,2,512,2097152,1,built,PASS,PASS,PASS,floorDecor,
floor_024,floor,Architecture,Floor 24,thumbnails/floor_024.webp,2356,256,192,52,skipped,runtime-assets/floor_024.glb,95324,2,1,1,2,512,2097152,1,built,PASS,PASS,PASS,floorDecor,
floor_025,floor,Architecture,Floor 25,thumbnails/floor_025.webp,1942,256,192,46.77,skipped,runtime-assets/floor_025.glb,166140,2,1,1,2,512,2097152,1,built,PASS,PASS,PASS,floorDecor,
floor_026,floor,Architecture,Floor 26,thumbnails/floor_026.webp,3824,256,192,52.62,skipped,runtime-assets/floor_026.glb,175648,2,1,1,2,512,2097152,1,built,PASS,PASS,PASS,floorDecor,
floor_027,floor,Architecture,Floor 27,thumbnails/floor_027.webp,1538,256,192,52.19,skipped,runtime-assets/floor_027.glb,181688,2,1,1,2,512,2097152,1,built,PASS,PASS,PASS,floorDecor,
floor_028,floor,Architecture,Floor 28,thumbnails/floor_028.webp,1408,256,192,48.14,skipped,runtime-assets/floor_028.glb,73072,2,1,1,2,512,2097152,1,built,PASS,PASS,PASS,floorDecor,
floor_029,floor,Architecture,Floor 29,thumbnails/floor_029.webp,1160,256,192,51.45,skipped,runtime-assets/floor_029.glb,159792,2,1,1,2,512,2097152,1,built,PASS,PASS,PASS,floorDecor,
floor_030,floor,Architecture,Floor 30,thumbnails/floor_030.webp,2142,256,192,45.28,skipped,runtime-assets/floor_030.glb,150688,2,1,1,2,512,2097152,1,built,PASS,PASS,PASS,floorDecor,
floor_031,floor,Architecture,Floor 31,thumbnails/floor_031.webp,1136,256,192,51.94,skipped,runtime-assets/floor_031.glb,143160,2,1,1,2,512,2097152,1,built,PASS,PASS,PASS,floorDecor,
floor_032,floor,Architecture,Floor 32,thumbnails/floor_032.webp,1152,256,192,51.94,skipped,runtime-assets/floor_032.glb,152332,2,1,1,2,512,2097152,1,built,PASS,PASS,PASS,floorDecor,
floor_033,floor,Architecture,Floor 33,thumbnails/floor_033.webp,3604,256,192,52.62,skipped,runtime-assets/floor_033.glb,194316,2,1,1,2,512,2097152,1,built,PASS,PASS,PASS,floorDecor,
floor_034,floor,Architecture,Floor 34,thumbnails/floor_034.webp,2000,256,192,52.62,skipped,runtime-assets/floor_034.glb,152104,2,1,1,2,512,2097152,1,built,PASS,PASS,PASS,floorDecor,
floor_035,floor,Architecture,Floor 35,thumbnails/floor_035.webp,2354,256,192,54.42,skipped,runtime-assets/floor_035.glb,89944,2,1,1,2,512,2097152,1,built,PASS,PASS,PASS,floorDecor,
floor_036,floor,Architecture,Floor 36,thumbnails/floor_036.webp,1558,256,192,52.47,skipped,runtime-assets/floor_036.glb,150292,2,1,1,2,512,2097152,1,built,PASS,PASS,PASS,floorDecor,
floor_037,floor,Architecture,Floor 37,thumbnails/floor_037.webp,2074,256,192,51.7,skipped,runtime-assets/floor_037.glb,164380,2,1,1,2,512,2097152,1,built,PASS,PASS,PASS,floorDecor,
floor_038,floor,Architecture,Floor 38,thumbnails/floor_038.webp,1484,256,192,51.27,skipped,runtime-assets/floor_038.glb,161592,2,1,1,2,512,2097152,1,built,PASS,PASS,PASS,floorDecor,
floor_039,floor,Architecture,Floor 39,thumbnails/floor_039.webp,1740,256,192,51.51,skipped,runtime-assets/floor_039.glb,168400,2,1,1,2,512,2097152,1,built,PASS,PASS,PASS,floorDecor,
floor_040,floor,Architecture,Floor 40,thumbnails/floor_040.webp,1326,256,192,50.42,skipped,runtime-assets/floor_040.glb,228828,2,1,1,2,512,2097152,1,built,PASS,PASS,PASS,floorDecor,
floor_041,floor,Architecture,Floor 41,thumbnails/floor_041.webp,2198,256,192,52,skipped,runtime-assets/floor_041.glb,155432,2,1,1,2,512,2097152,1,built,PASS,PASS,PASS,floorDecor,
floor_042,floor,Architecture,Floor 42,thumbnails/floor_042.webp,1674,256,192,46.96,skipped,runtime-assets/floor_042.glb,166140,2,1,1,2,512,2097152,1,built,PASS,PASS,PASS,floorDecor,
floor_043,floor,Architecture,Floor 43,thumbnails/floor_043.webp,1448,256,192,51.27,skipped,runtime-assets/floor_043.glb,181688,2,1,1,2,512,2097152,1,built,PASS,PASS,PASS,floorDecor,
floor_044,floor,Architecture,Floor 44,thumbnails/floor_044.webp,1360,256,192,44.94,skipped,runtime-assets/floor_044.glb,73072,2,1,1,2,512,2097152,1,built,PASS,PASS,PASS,floorDecor,
floor_045,floor,Architecture,Floor 45,thumbnails/floor_045.webp,902,256,192,3.26,skipped,runtime-assets/floor_045.glb,159796,2,1,1,2,512,2097152,1,built,PASS,PASS,PASS,floorDecor,
floor_046,floor,Architecture,Floor 46,thumbnails/floor_046.webp,1754,256,192,41.87,skipped,runtime-assets/floor_046.glb,150688,2,1,1,2,512,2097152,1,built,PASS,PASS,PASS,floorDecor,
floor_047,floor,Architecture,Floor 47,thumbnails/floor_047.webp,1096,256,192,51.27,skipped,runtime-assets/floor_047.glb,143160,2,1,1,2,512,2097152,1,built,PASS,PASS,PASS,floorDecor,
floor_048,floor,Architecture,Floor 48,thumbnails/floor_048.webp,1098,256,192,51.27,skipped,runtime-assets/floor_048.glb,152332,2,1,1,2,512,2097152,1,built,PASS,PASS,PASS,floorDecor,
floor_049,floor,Architecture,Floor 49,thumbnails/floor_049.webp,3140,256,192,52.93,skipped,runtime-assets/floor_049.glb,194316,2,1,1,2,512,2097152,1,built,PASS,PASS,PASS,floorDecor,
floor_050,floor,Architecture,Floor 50,thumbnails/floor_050.webp,1786,256,192,51.27,skipped,runtime-assets/floor_050.glb,152108,2,1,1,2,512,2097152,1,built,PASS,PASS,PASS,floorDecor,
floor_051,floor,Architecture,Floor 51,thumbnails/floor_051.webp,2078,256,192,51.51,skipped,runtime-assets/floor_051.glb,89948,2,1,1,2,512,2097152,1,built,PASS,PASS,PASS,floorDecor,
floor_052,floor,Architecture,Floor 52,thumbnails/floor_052.webp,1500,256,192,50.84,skipped,runtime-assets/floor_052.glb,150296,2,1,1,2,512,2097152,1,built,PASS,PASS,PASS,floorDecor,
floor_053,floor,Architecture,Floor 53,thumbnails/floor_053.webp,1832,256,192,51.27,skipped,runtime-assets/floor_053.glb,164380,2,1,1,2,512,2097152,1,built,PASS,PASS,PASS,floorDecor,
floor_054,floor,Architecture,Floor 54,thumbnails/floor_054.webp,1880,256,192,52.68,skipped,runtime-assets/floor_054.glb,160068,2,1,1,2,512,2097152,1,built,PASS,PASS,PASS,floorDecor,
floor_055,floor,Architecture,Floor 55,thumbnails/floor_055.webp,992,256,192,50.84,skipped,runtime-assets/floor_055.glb,121784,2,1,1,2,512,2097152,1,built,PASS,PASS,PASS,floorDecor,
floor_078,floor,Architecture,Floor 78,thumbnails/floor_078.webp,2896,256,192,52.55,skipped,runtime-assets/floor_078.glb,175648,2,1,1,2,512,2097152,1,built,PASS,PASS,PASS,floorDecor,
floor_223,floor,Architecture,Floor 223,thumbnails/floor_223.webp,1034,256,192,51.94,skipped,runtime-assets/floor_223.glb,121784,2,1,1,2,512,2097152,1,built,PASS,PASS,PASS,floorDecor,
floor_230,floor,Architecture,Floor 230,thumbnails/floor_230.webp,1544,256,192,53.12,skipped,runtime-assets/floor_230.glb,3260,2,1,1,1,512,1048576,1,built,PASS,PASS,PASS,floorDecor,
flower,flower,Plants,Flower,thumbnails/flower.webp,1942,256,192,14.01,skipped,runtime-assets/flower.glb,32524,1078,2,2,1,512,1048576,1,built,PASS,PASS,PASS,plant,
flower_038,flower,Plants,Flower 38,thumbnails/flower_038.webp,1856,256,192,24.45,skipped,runtime-assets/flower_038.glb,19556,528,2,2,1,512,1048576,1,built,PASS,PASS,PASS,plant,
flower_039,flower,Plants,Flower 39,thumbnails/flower_039.webp,2242,256,192,22.27,skipped,runtime-assets/flower_039.glb,36076,688,2,2,1,512,1048576,1,built,PASS,PASS,PASS,plant,
flower_040,flower,Plants,Flower 40,thumbnails/flower_040.webp,2626,256,192,22.73,skipped,runtime-assets/flower_040.glb,89632,1565,2,2,1,512,1048576,1,built,PASS,PASS,PASS,plant,
flower_041,flower,Plants,Flower 41,thumbnails/flower_041.webp,1492,256,192,11.72,skipped,runtime-assets/flower_041.glb,40352,953,2,2,1,512,1048576,1,built,PASS,PASS,PASS,plant,
flower_042,flower,Plants,Flower 42,thumbnails/flower_042.webp,1798,256,192,15.72,skipped,runtime-assets/flower_042.glb,40488,959,2,2,1,512,1048576,1,built,PASS,PASS,PASS,plant,
flower_043,flower,Plants,Flower 43,thumbnails/flower_043.webp,1774,256,192,16.99,skipped,runtime-assets/flower_043.glb,35072,724,1,1,1,512,1048576,1,built,PASS,PASS,PASS,plant,
flower_044,flower,Plants,Flower 44,thumbnails/flower_044.webp,1754,256,192,16.93,skipped,runtime-assets/flower_044.glb,28560,560,2,2,1,512,1048576,1,built,PASS,PASS,PASS,plant,
flower_045,flower,Plants,Flower 45,thumbnails/flower_045.webp,2210,256,192,18.53,skipped,runtime-assets/flower_045.glb,258264,1351,2,2,3,512,3145728,1,built,PASS,PASS,PASS,plant,
flower_046,flower,Plants,Flower 46,thumbnails/flower_046.webp,2292,256,192,23.46,skipped,runtime-assets/flower_046.glb,17700,499,1,1,1,512,1048576,1,built,PASS,PASS,PASS,plant,
flower_047,flower,Plants,Flower 47,thumbnails/flower_047.webp,2096,256,192,17.99,skipped,runtime-assets/flower_047.glb,253536,1181,2,2,3,512,3145728,1,built,PASS,PASS,PASS,plant,
flower_048,flower,Plants,Flower 48,thumbnails/flower_048.webp,1560,256,192,12.81,skipped,runtime-assets/flower_048.glb,29856,594,1,1,1,512,1048576,1,built,PASS,PASS,PASS,plant,
flower_049,flower,Plants,Flower 49,thumbnails/flower_049.webp,1748,256,192,19.52,skipped,runtime-assets/flower_049.glb,14336,264,1,1,1,512,1048576,1,built,PASS,PASS,PASS,plant,
flower_050,flower,Plants,Flower 50,thumbnails/flower_050.webp,2342,256,192,22.19,skipped,runtime-assets/flower_050.glb,16512,461,1,1,1,512,1048576,1,built,PASS,PASS,PASS,plant,
flower_051,flower,Plants,Flower 51,thumbnails/flower_051.webp,1940,256,192,22.03,skipped,runtime-assets/flower_051.glb,16500,475,1,1,1,512,1048576,1,built,PASS,PASS,PASS,plant,
flower_052,flower,Plants,Flower 52,thumbnails/flower_052.webp,1958,256,192,24.45,skipped,runtime-assets/flower_052.glb,18948,547,1,1,1,512,1048576,1,built,PASS,PASS,PASS,plant,
flower_053,flower,Plants,Flower 53,thumbnails/flower_053.webp,1864,256,192,19.65,skipped,runtime-assets/flower_053.glb,18452,518,1,1,1,512,1048576,1,built,PASS,PASS,PASS,plant,
flower_054,flower,Plants,Flower 54,thumbnails/flower_054.webp,2088,256,192,17.46,skipped,runtime-assets/flower_054.glb,255524,1203,3,3,3,512,3145728,1,built,PASS,PASS,PASS,plant,
flower_055,flower,Plants,Flower 55,thumbnails/flower_055.webp,2698,256,192,17.53,skipped,runtime-assets/flower_055.glb,95940,3458,1,1,1,512,1048576,1,built,PASS,PASS,PASS,plant,
kitchen,kitchen,Kitchen & Bath,Kitchen,thumbnails/kitchen.webp,1540,256,192,35.25,skipped,runtime-assets/kitchen.glb,10568,132,3,3,1,512,1048576,1,built,PASS,PASS,PASS,floorDecor,
kitchen_001,kitchen,Kitchen & Bath,Kitchen 1,thumbnails/kitchen_001.webp,1058,256,192,22.43,skipped,runtime-assets/kitchen_001.glb,11172,224,2,2,1,512,1048576,1,built,PASS,PASS,PASS,floorDecor,
kitchen_002,kitchen,Kitchen & Bath,Kitchen 2,thumbnails/kitchen_002.webp,1740,256,192,30.62,skipped,runtime-assets/kitchen_002.glb,26968,486,4,4,1,512,1048576,1,built,PASS,PASS,PASS,floorDecor,
kitchen_003,kitchen,Kitchen & Bath,Kitchen 3,thumbnails/kitchen_003.webp,1340,256,192,26.19,skipped,runtime-assets/kitchen_003.glb,13928,196,3,3,1,512,1048576,1,built,PASS,PASS,PASS,floorDecor,
kitchen_004,kitchen,Kitchen & Bath,Kitchen 4,thumbnails/kitchen_004.webp,2806,256,192,49.82,skipped,runtime-assets/kitchen_004.glb,781384,474,5,5,9,512,9437184,1,built,PASS,PASS,PASS,floorDecor,
kitchen_005,kitchen,Kitchen & Bath,Kitchen 5,thumbnails/kitchen_005.webp,2396,256,192,43.55,skipped,runtime-assets/kitchen_005.glb,766888,194,5,5,9,512,9437184,1,built,PASS,PASS,PASS,floorDecor,
kitchen_006,kitchen,Kitchen & Bath,Kitchen 6,thumbnails/kitchen_006.webp,4120,256,192,53.6,skipped,runtime-assets/kitchen_006.glb,541608,1060,8,8,6,512,6291456,1,built,PASS,PASS,PASS,floorDecor,
kitchen_007,kitchen,Kitchen & Bath,Kitchen 7,thumbnails/kitchen_007.webp,2166,256,192,29.3,skipped,runtime-assets/kitchen_007.glb,228616,84,2,2,3,512,3145728,1,built,PASS,PASS,PASS,floorDecor,
kitchen_008,kitchen,Kitchen & Bath,Kitchen 8,thumbnails/kitchen_008.webp,2166,256,192,29.3,skipped,runtime-assets/kitchen_008.glb,228616,84,2,2,3,512,3145728,1,built,PASS,PASS,PASS,floorDecor,
kitchen_009,kitchen,Kitchen & Bath,Kitchen 9,thumbnails/kitchen_009.webp,2546,256,192,53.34,skipped,runtime-assets/kitchen_009.glb,9916,82,3,3,1,512,1048576,1,built,PASS,PASS,PASS,floorDecor,
kitchen_010,kitchen,Kitchen & Bath,Kitchen 10,thumbnails/kitchen_010.webp,1344,256,192,30.26,skipped,runtime-assets/kitchen_010.glb,16556,274,3,3,1,512,1048576,1,built,PASS,PASS,PASS,floorDecor,
kitchen_011,kitchen,Kitchen & Bath,Kitchen 11,thumbnails/kitchen_011.webp,1176,256,192,30.02,skipped,runtime-assets/kitchen_011.glb,98692,310,3,3,2,512,2097152,1,built,PASS,PASS,PASS,floorDecor,
kitchen_012,kitchen,Kitchen & Bath,Kitchen 12,thumbnails/kitchen_012.webp,2038,256,192,48.89,skipped,runtime-assets/kitchen_012.glb,365048,1946,8,8,4,512,4194304,1,built,PASS,PASS,PASS,floorDecor,
kitchen_013,kitchen,Kitchen & Bath,Kitchen 13,thumbnails/kitchen_013.webp,2382,256,192,40.11,skipped,runtime-assets/kitchen_013.glb,560980,1368,8,8,6,512,6291456,1,built,PASS,PASS,PASS,floorDecor,
kitchen_014,kitchen,Kitchen & Bath,Kitchen 14,thumbnails/kitchen_014.webp,3316,256,192,39.22,skipped,runtime-assets/kitchen_014.glb,73096,998,5,5,1,512,1048576,1,built,PASS,PASS,PASS,floorDecor,
kitchen_015,kitchen,Kitchen & Bath,Kitchen 15,thumbnails/kitchen_015.webp,3108,256,192,44.53,skipped,runtime-assets/kitchen_015.glb,538996,1428,5,5,6,512,6291456,1,built,PASS,PASS,PASS,floorDecor,
kitchen_016,kitchen,Kitchen & Bath,Kitchen 16,thumbnails/kitchen_016.webp,1310,256,192,38.13,skipped,runtime-assets/kitchen_016.glb,88876,164,3,3,2,512,2097152,1,built,PASS,PASS,PASS,floorDecor,
kitchen_017,kitchen,Kitchen & Bath,Kitchen 17,thumbnails/kitchen_017.webp,1318,256,192,37.31,skipped,runtime-assets/kitchen_017.glb,88880,164,3,3,2,512,2097152,1,built,PASS,PASS,PASS,floorDecor,
kitchen_018,kitchen,Kitchen & Bath,Kitchen 18,thumbnails/kitchen_018.webp,2436,256,192,41.63,skipped,runtime-assets/kitchen_018.glb,430292,152,3,3,5,512,5242880,1,built,PASS,PASS,PASS,floorDecor,
kitchen_019,kitchen,Kitchen & Bath,Kitchen 19,thumbnails/kitchen_019.webp,2994,256,192,48.56,skipped,runtime-assets/kitchen_019.glb,439676,282,4,4,5,512,5242880,1,built,PASS,PASS,PASS,floorDecor,
kitchen_020,kitchen,Kitchen & Bath,Kitchen 20,thumbnails/kitchen_020.webp,1512,256,192,29.57,skipped,runtime-assets/kitchen_020.glb,18256,310,2,2,1,512,1048576,1,built,PASS,PASS,PASS,floorDecor,
kitchen_021,kitchen,Kitchen & Bath,Kitchen 21,thumbnails/kitchen_021.webp,2436,256,192,37.84,skipped,runtime-assets/kitchen_021.glb,231484,128,3,3,3,512,3145728,1,built,PASS,PASS,PASS,floorDecor,
kitchen_022,kitchen,Kitchen & Bath,Kitchen 22,thumbnails/kitchen_022.webp,2808,256,192,59.14,skipped,runtime-assets/kitchen_022.glb,229036,132,2,2,3,512,3145728,1,built,PASS,PASS,PASS,floorDecor,
kitchen_023,kitchen,Kitchen & Bath,Kitchen 23,thumbnails/kitchen_023.webp,2404,256,192,38.09,skipped,runtime-assets/kitchen_023.glb,231484,128,3,3,3,512,3145728,1,built,PASS,PASS,PASS,floorDecor,
kitchen_024,kitchen,Kitchen & Bath,Kitchen 24,thumbnails/kitchen_024.webp,2474,256,192,38.01,skipped,runtime-assets/kitchen_024.glb,227016,72,2,2,3,512,3145728,1,built,PASS,PASS,PASS,floorDecor,
kitchen_025,kitchen,Kitchen & Bath,Kitchen 25,thumbnails/kitchen_025.webp,2454,256,192,38.33,skipped,runtime-assets/kitchen_025.glb,227012,72,2,2,3,512,3145728,1,built,PASS,PASS,PASS,floorDecor,
kitchen_026,kitchen,Kitchen & Bath,Kitchen 26,thumbnails/kitchen_026.webp,2232,256,192,33.22,skipped,runtime-assets/kitchen_026.glb,227016,72,2,2,3,512,3145728,1,built,PASS,PASS,PASS,floorDecor,
kitchen_027,kitchen,Kitchen & Bath,Kitchen 27,thumbnails/kitchen_027.webp,2486,256,192,38.33,skipped,runtime-assets/kitchen_027.glb,227016,72,2,2,3,512,3145728,1,built,PASS,PASS,PASS,floorDecor,
kitchen_028,kitchen,Kitchen & Bath,Kitchen 28,thumbnails/kitchen_028.webp,2566,256,192,42.7,skipped,runtime-assets/kitchen_028.glb,222748,42,1,1,2,512,2097152,1,built,PASS,PASS,PASS,floorDecor,
kitchen_029,kitchen,Kitchen & Bath,Kitchen 29,thumbnails/kitchen_029.webp,4038,256,192,61.72,skipped,runtime-assets/kitchen_029.glb,418124,474,3,3,5,512,5242880,1,built,PASS,PASS,PASS,floorDecor,
kitchen_030,kitchen,Kitchen & Bath,Kitchen 30,thumbnails/kitchen_030.webp,3308,256,192,39.22,skipped,runtime-assets/kitchen_030.glb,73544,998,5,5,1,512,1048576,1,built,PASS,PASS,PASS,floorDecor,
kitchen_031,kitchen,Kitchen & Bath,Kitchen 31,thumbnails/kitchen_031.webp,3214,256,192,49.11,skipped,runtime-assets/kitchen_031.glb,306176,1296,8,8,4,512,4194304,1,built,PASS,PASS,PASS,floorDecor,
kitchen_032,kitchen,Kitchen & Bath,Kitchen 32,thumbnails/kitchen_032.webp,1782,256,192,56.38,skipped,runtime-assets/kitchen_032.glb,240924,650,3,3,3,512,3145728,1,built,PASS,PASS,PASS,floorDecor,
kitchen_033,kitchen,Kitchen & Bath,Kitchen 33,thumbnails/kitchen_033.webp,1452,256,192,50.17,skipped,runtime-assets/kitchen_033.glb,23736,452,2,2,1,512,1048576,1,built,PASS,PASS,PASS,floorDecor,
kitchen_034,kitchen,Kitchen & Bath,Kitchen 34,thumbnails/kitchen_034.webp,1142,256,192,30.76,skipped,runtime-assets/kitchen_034.glb,222608,178,4,4,3,512,3145728,1,built,PASS,PASS,PASS,floorDecor,
kitchen_035,kitchen,Kitchen & Bath,Kitchen 35,thumbnails/kitchen_035.webp,1146,256,192,30.76,skipped,runtime-assets/kitchen_035.glb,222352,178,4,4,3,512,3145728,1,built,PASS,PASS,PASS,floorDecor,
kitchen_036,kitchen,Kitchen & Bath,Kitchen 36,thumbnails/kitchen_036.webp,1144,256,192,30.76,skipped,runtime-assets/kitchen_036.glb,222348,178,4,4,3,512,3145728,1,built,PASS,PASS,PASS,floorDecor,
kitchen_079,kitchen,Kitchen & Bath,Kitchen 79,thumbnails/kitchen_079.webp,3266,256,192,53.3,skipped,runtime-assets/kitchen_079.glb,260600,1060,8,7,4,512,4194304,1,built,PASS,PASS,PASS,floorDecor,
kitchen_080,kitchen,Kitchen & Bath,Kitchen 80,thumbnails/kitchen_080.webp,2146,256,192,28.93,skipped,runtime-assets/kitchen_080.glb,10104,84,2,2,1,512,1048576,1,built,PASS,PASS,PASS,floorDecor,
kitchen_081,kitchen,Kitchen & Bath,Kitchen 81,thumbnails/kitchen_081.webp,2146,256,192,28.93,skipped,runtime-assets/kitchen_081.glb,10104,84,2,2,1,512,1048576,1,built,PASS,PASS,PASS,floorDecor,
kitchen_082,kitchen,Kitchen & Bath,Kitchen 82,thumbnails/kitchen_082.webp,2546,256,192,53.34,skipped,runtime-assets/kitchen_082.glb,9916,82,3,3,1,512,1048576,1,built,PASS,PASS,PASS,floorDecor,
kitchen_083,kitchen,Kitchen & Bath,Kitchen 83,thumbnails/kitchen_083.webp,2450,256,192,43.93,skipped,runtime-assets/kitchen_083.glb,258220,1428,5,5,4,512,4194304,1,built,PASS,PASS,PASS,floorDecor,
kitchen_084,kitchen,Kitchen & Bath,Kitchen 84,thumbnails/kitchen_084.webp,2034,256,192,37.53,skipped,runtime-assets/kitchen_084.glb,12956,128,3,3,1,512,1048576,1,built,PASS,PASS,PASS,floorDecor,
kitchen_085,kitchen,Kitchen & Bath,Kitchen 85,thumbnails/kitchen_085.webp,2326,256,192,60.3,skipped,runtime-assets/kitchen_085.glb,10516,132,2,2,1,512,1048576,1,built,PASS,PASS,PASS,floorDecor,
kitchen_086,kitchen,Kitchen & Bath,Kitchen 86,thumbnails/kitchen_086.webp,2030,256,192,37.84,skipped,runtime-assets/kitchen_086.glb,12956,128,3,3,1,512,1048576,1,built,PASS,PASS,PASS,floorDecor,
kitchen_087,kitchen,Kitchen & Bath,Kitchen 87,thumbnails/kitchen_087.webp,1784,256,192,39.39,skipped,runtime-assets/kitchen_087.glb,7472,72,2,2,1,512,1048576,1,built,PASS,PASS,PASS,floorDecor,
kitchen_088,kitchen,Kitchen & Bath,Kitchen 88,thumbnails/kitchen_088.webp,1782,256,192,39.06,skipped,runtime-assets/kitchen_088.glb,8492,72,2,2,1,512,1048576,1,built,PASS,PASS,PASS,floorDecor,
kitchen_089,kitchen,Kitchen & Bath,Kitchen 89,thumbnails/kitchen_089.webp,1682,256,192,33.43,skipped,runtime-assets/kitchen_089.glb,8496,72,2,2,1,512,1048576,1,built,PASS,PASS,PASS,floorDecor,
kitchen_090,kitchen,Kitchen & Bath,Kitchen 90,thumbnails/kitchen_090.webp,1784,256,192,39.39,skipped,runtime-assets/kitchen_090.glb,8496,72,2,2,1,512,1048576,1,built,PASS,PASS,PASS,floorDecor,
kitchen_091,kitchen,Kitchen & Bath,Kitchen 91,thumbnails/kitchen_091.webp,1942,256,192,42.7,skipped,runtime-assets/kitchen_091.glb,6016,42,1,1,1,512,1048576,1,built,PASS,PASS,PASS,floorDecor,
kitchen_092,kitchen,Kitchen & Bath,Kitchen 92,thumbnails/kitchen_092.webp,2478,256,192,61.72,skipped,runtime-assets/kitchen_092.glb,137344,474,3,3,3,512,3145728,1,built,PASS,PASS,PASS,floorDecor,
kitchen_096,kitchen,Kitchen & Bath,Kitchen 96,thumbnails/kitchen_096.webp,2588,256,192,59.99,skipped,runtime-assets/kitchen_096.glb,224976,474,3,3,3,512,3145728,1,built,PASS,PASS,PASS,floorDecor,
kitchen_105,kitchen,Kitchen & Bath,Kitchen 105,thumbnails/kitchen_105.webp,2704,256,192,51.64,skipped,runtime-assets/kitchen_105.glb,355932,1946,8,8,4,512,4194304,1,built,PASS,PASS,PASS,floorDecor,
kitchen_106,kitchen,Kitchen & Bath,Kitchen 106,thumbnails/kitchen_106.webp,1540,256,192,35.25,skipped,runtime-assets/kitchen_106.glb,10572,132,3,3,1,512,1048576,1,built,PASS,PASS,PASS,floorDecor,
kitchen_107,kitchen,Kitchen & Bath,Kitchen 107,thumbnails/kitchen_107.webp,2614,256,192,56.76,skipped,runtime-assets/kitchen_107.glb,231812,650,3,3,3,512,3145728,1,built,PASS,PASS,PASS,floorDecor,
kitchen_108,kitchen,Kitchen & Bath,Kitchen 108,thumbnails/kitchen_108.webp,1452,256,192,50.17,skipped,runtime-assets/kitchen_108.glb,23736,452,2,2,1,512,1048576,1,built,PASS,PASS,PASS,floorDecor,
kitchen_109,kitchen,Kitchen & Bath,Kitchen 109,thumbnails/kitchen_109.webp,1970,256,192,36.58,skipped,runtime-assets/kitchen_109.glb,213492,178,4,4,3,512,3145728,1,built,PASS,PASS,PASS,floorDecor,
kitchen_110,kitchen,Kitchen & Bath,Kitchen 110,thumbnails/kitchen_110.webp,1976,256,192,36.58,skipped,runtime-assets/kitchen_110.glb,213236,178,4,4,3,512,3145728,1,built,PASS,PASS,PASS,floorDecor,
kitchen_111,kitchen,Kitchen & Bath,Kitchen 111,thumbnails/kitchen_111.webp,1976,256,192,36.58,skipped,runtime-assets/kitchen_111.glb,213236,178,4,4,3,512,3145728,1,built,PASS,PASS,PASS,floorDecor,
kitchen_118,kitchen,Kitchen & Bath,Kitchen 118,thumbnails/kitchen_118.webp,1350,256,192,31.96,skipped,runtime-assets/kitchen_118.glb,16596,274,3,3,1,512,1048576,1,built,PASS,PASS,PASS,floorDecor,
kitchen_119,kitchen,Kitchen & Bath,Kitchen 119,thumbnails/kitchen_119.webp,1564,256,192,32.29,skipped,runtime-assets/kitchen_119.glb,98732,310,3,3,2,512,2097152,1,built,PASS,PASS,PASS,floorDecor,
kitchen_120,kitchen,Kitchen & Bath,Kitchen 120,thumbnails/kitchen_120.webp,2132,256,192,40.44,skipped,runtime-assets/kitchen_120.glb,88916,164,3,3,2,512,2097152,1,built,PASS,PASS,PASS,floorDecor,
kitchen_121,kitchen,Kitchen & Bath,Kitchen 121,thumbnails/kitchen_121.webp,2084,256,192,39.86,skipped,runtime-assets/kitchen_121.glb,88920,164,3,3,2,512,2097152,1,built,PASS,PASS,PASS,floorDecor,
kitchen_122,kitchen,Kitchen & Bath,Kitchen 122,thumbnails/kitchen_122.webp,3662,256,192,46.57,skipped,runtime-assets/kitchen_122.glb,306408,1296,8,8,4,512,4194304,1,built,PASS,PASS,PASS,floorDecor,
kitchen_158,kitchen,Kitchen & Bath,Kitchen 158,thumbnails/kitchen_158.webp,3612,256,192,62.12,skipped,runtime-assets/kitchen_158.glb,199640,474,3,3,3,512,3145728,1,built,PASS,PASS,PASS,floorDecor,
kitchen_167,kitchen,Kitchen & Bath,Kitchen 167,thumbnails/kitchen_167.webp,2734,256,192,51.27,skipped,runtime-assets/kitchen_167.glb,317724,1946,8,8,4,512,4194304,1,built,PASS,PASS,PASS,floorDecor,
kitchen_168,kitchen,Kitchen & Bath,Kitchen 168,thumbnails/kitchen_168.webp,1540,256,192,35.25,skipped,runtime-assets/kitchen_168.glb,10572,132,3,3,1,512,1048576,1,built,PASS,PASS,PASS,floorDecor,
kitchen_169,kitchen,Kitchen & Bath,Kitchen 169,thumbnails/kitchen_169.webp,2718,256,192,56.76,skipped,runtime-assets/kitchen_169.glb,193600,650,3,3,3,512,3145728,1,built,PASS,PASS,PASS,floorDecor,
kitchen_170,kitchen,Kitchen & Bath,Kitchen 170,thumbnails/kitchen_170.webp,2090,256,192,53.96,skipped,runtime-assets/kitchen_170.glb,23736,452,2,2,1,512,1048576,1,built,PASS,PASS,PASS,floorDecor,
kitchen_171,kitchen,Kitchen & Bath,Kitchen 171,thumbnails/kitchen_171.webp,1962,256,192,35.95,skipped,runtime-assets/kitchen_171.glb,175284,178,4,4,3,512,3145728,1,built,PASS,PASS,PASS,floorDecor,
kitchen_172,kitchen,Kitchen & Bath,Kitchen 172,thumbnails/kitchen_172.webp,1960,256,192,35.95,skipped,runtime-assets/kitchen_172.glb,175028,178,4,4,3,512,3145728,1,built,PASS,PASS,PASS,floorDecor,
kitchen_173,kitchen,Kitchen & Bath,Kitchen 173,thumbnails/kitchen_173.webp,1988,256,192,35.95,skipped,runtime-assets/kitchen_173.glb,175024,178,4,4,3,512,3145728,1,built,PASS,PASS,PASS,floorDecor,
kitchen_table,kitchen,Kitchen & Bath,Kitchen Table,thumbnails/kitchen_table.webp,1266,256,192,18.16,skipped,runtime-assets/kitchen_table.glb,101252,520,2,2,1,512,1048576,1,built,PASS,PASS,PASS,floorDecor,
kitchen_table_018,kitchen,Kitchen & Bath,Kitchen Table 18,thumbnails/kitchen_table_018.webp,950,256,192,27.34,skipped,runtime-assets/kitchen_table_018.glb,13544,248,2,2,1,512,1048576,1,built,PASS,PASS,PASS,floorDecor,
kitchen_table_019,kitchen,Kitchen & Bath,Kitchen Table 19,thumbnails/kitchen_table_019.webp,2108,256,192,51.5,skipped,runtime-assets/kitchen_table_019.glb,341068,260,2,2,4,512,4194304,1,built,PASS,PASS,PASS,floorDecor,
kitchen_table_020,kitchen,Kitchen & Bath,Kitchen Table 20,thumbnails/kitchen_table_020.webp,1208,256,192,31.64,skipped,runtime-assets/kitchen_table_020.glb,350136,260,2,2,4,512,4194304,1,built,PASS,PASS,PASS,floorDecor,
kitchen_table_021,kitchen,Kitchen & Bath,Kitchen Table 21,thumbnails/kitchen_table_021.webp,1146,256,192,44.15,skipped,runtime-assets/kitchen_table_021.glb,15636,284,2,2,1,512,1048576,1,built,PASS,PASS,PASS,floorDecor,
kitchen_table_022,kitchen,Kitchen & Bath,Kitchen Table 22,thumbnails/kitchen_table_022.webp,2362,256,192,59.38,skipped,runtime-assets/kitchen_table_022.glb,232376,100,1,1,2,512,2097152,1,built,PASS,PASS,PASS,floorDecor,
kitchen_table_023,kitchen,Kitchen & Bath,Kitchen Table 23,thumbnails/kitchen_table_023.webp,2180,256,192,57.51,skipped,runtime-assets/kitchen_table_023.glb,229872,110,1,1,2,512,2097152,1,built,PASS,PASS,PASS,floorDecor,
kitchen_table_024,kitchen,Kitchen & Bath,Kitchen Table 24,thumbnails/kitchen_table_024.webp,1000,256,192,44.88,skipped,runtime-assets/kitchen_table_024.glb,222868,270,2,2,3,512,3145728,1,built,PASS,PASS,PASS,floorDecor,
kitchen_table_025,kitchen,Kitchen & Bath,Kitchen Table 25,thumbnails/kitchen_table_025.webp,1934,256,192,37.3,skipped,runtime-assets/kitchen_table_025.glb,170036,100,2,2,3,512,3145728,1,built,PASS,PASS,PASS,floorDecor,
kitchen_table_026,kitchen,Kitchen & Bath,Kitchen Table 26,thumbnails/kitchen_table_026.webp,2074,256,192,56.52,skipped,runtime-assets/kitchen_table_026.glb,208304,100,2,2,3,512,3145728,1,built,PASS,PASS,PASS,floorDecor,
kitchen_table_027,kitchen,Kitchen & Bath,Kitchen Table 27,thumbnails/kitchen_table_027.webp,1862,256,192,41.61,skipped,runtime-assets/kitchen_table_027.glb,227756,74,2,2,2,512,2097152,1,built,PASS,PASS,PASS,floorDecor,
kitchen_table_028,kitchen,Kitchen & Bath,Kitchen Table 28,thumbnails/kitchen_table_028.webp,1252,256,192,34.75,skipped,runtime-assets/kitchen_table_028.glb,97636,390,3,3,2,512,2097152,1,built,PASS,PASS,PASS,floorDecor,
kitchen_table_029,kitchen,Kitchen & Bath,Kitchen Table 29,thumbnails/kitchen_table_029.webp,1986,256,192,40.92,skipped,runtime-assets/kitchen_table_029.glb,90300,168,3,3,2,512,2097152,1,built,PASS,PASS,PASS,floorDecor,
kitchen_table_030,kitchen,Kitchen & Bath,Kitchen Table 30,thumbnails/kitchen_table_030.webp,3116,256,192,53.98,skipped,runtime-assets/kitchen_table_030.glb,312976,152,2,2,3,512,3145728,1,built,PASS,PASS,PASS,floorDecor,
kitchen_table_031,kitchen,Kitchen & Bath,Kitchen Table 31,thumbnails/kitchen_table_031.webp,2022,256,192,51.67,skipped,runtime-assets/kitchen_table_031.glb,14440,270,1,1,1,512,1048576,1,built,PASS,PASS,PASS,floorDecor,
kitchen_table_032,kitchen,Kitchen & Bath,Kitchen Table 32,thumbnails/kitchen_table_032.webp,2242,256,192,61.01,skipped,runtime-assets/kitchen_table_032.glb,8936,100,1,1,1,512,1048576,1,built,PASS,PASS,PASS,floorDecor,
kitchen_table_050,kitchen,Kitchen & Bath,Kitchen Table 50,thumbnails/kitchen_table_050.webp,1994,256,192,42.07,skipped,runtime-assets/kitchen_table_050.glb,223868,74,2,2,2,512,2097152,1,built,PASS,PASS,PASS,floorDecor,
ladder,ladder,Decor,Ladder,thumbnails/ladder.webp,2472,256,192,47.23,skipped,runtime-assets/ladder.glb,223300,60,1,1,2,512,2097152,1,built,PASS,PASS,PASS,floorDecor,
ladder_001,ladder,Decor,Ladder 1,thumbnails/ladder_001.webp,1544,256,192,60.6,skipped,runtime-assets/ladder_001.glb,4040,12,1,1,1,512,1048576,1,built,PASS,PASS,PASS,floorDecor,
ladder_002,ladder,Decor,Ladder 2,thumbnails/ladder_002.webp,2948,256,192,52.73,skipped,runtime-assets/ladder_002.glb,9508,90,1,1,1,512,1048576,1,built,PASS,PASS,PASS,floorDecor,
ladder_003,ladder,Decor,Ladder 3,thumbnails/ladder_003.webp,1678,256,192,59.47,skipped,runtime-assets/ladder_003.glb,4040,12,1,1,1,512,1048576,1,built,PASS,PASS,PASS,floorDecor,
ladder_004,ladder,Decor,Ladder 4,thumbnails/ladder_004.webp,3068,256,192,61.43,skipped,runtime-assets/ladder_004.glb,17072,198,1,1,1,512,1048576,1,built,PASS,PASS,PASS,floorDecor,
ladder_005,ladder,Decor,Ladder 5,thumbnails/ladder_005.webp,3144,256,192,59.79,skipped,runtime-assets/ladder_005.glb,10908,110,1,1,1,512,1048576,1,built,PASS,PASS,PASS,floorDecor,
ladder_006,ladder,Decor,Ladder 6,thumbnails/ladder_006.webp,2398,256,192,61.43,skipped,runtime-assets/ladder_006.glb,7968,68,1,1,1,512,1048576,1,built,PASS,PASS,PASS,floorDecor,
ladder_007,ladder,Decor,Ladder 7,thumbnails/ladder_007.webp,3518,256,192,66.44,skipped,runtime-assets/ladder_007.glb,15812,180,1,1,1,512,1048576,1,built,PASS,PASS,PASS,floorDecor,
ladder_008,ladder,Decor,Ladder 8,thumbnails/ladder_008.webp,4332,256,192,35.91,skipped,runtime-assets/ladder_008.glb,213660,198,1,1,2,512,2097152,1,built,PASS,PASS,PASS,floorDecor,
ladder_009,ladder,Decor,Ladder 9,thumbnails/ladder_009.webp,2544,256,192,59.84,skipped,runtime-assets/ladder_009.glb,6284,44,1,1,1,512,1048576,1,built,PASS,PASS,PASS,floorDecor,
ladder_010,ladder,Decor,Ladder 10,thumbnails/ladder_010.webp,3196,256,192,65.48,skipped,runtime-assets/ladder_010.glb,221644,28,1,1,2,512,2097152,1,built,PASS,PASS,PASS,floorDecor,
ladder_011,ladder,Decor,Ladder 11,thumbnails/ladder_011.webp,2154,256,192,41.99,skipped,runtime-assets/ladder_011.glb,226204,116,1,1,2,512,2097152,1,built,PASS,PASS,PASS,floorDecor,
ladder_012,ladder,Decor,Ladder 12,thumbnails/ladder_012.webp,2682,256,192,49.17,skipped,runtime-assets/ladder_012.glb,224980,72,1,1,2,512,2097152,1,built,PASS,PASS,PASS,floorDecor,
ladder_013,ladder,Decor,Ladder 13,thumbnails/ladder_013.webp,2522,256,192,43.67,skipped,runtime-assets/ladder_013.glb,230020,144,1,1,2,512,2097152,1,built,PASS,PASS,PASS,floorDecor,
ladder_014,ladder,Decor,Ladder 14,thumbnails/ladder_014.webp,3092,256,192,49.82,skipped,runtime-assets/ladder_014.glb,224984,72,1,1,2,512,2097152,1,built,PASS,PASS,PASS,floorDecor,
ladder_015,ladder,Decor,Ladder 15,thumbnails/ladder_015.webp,2920,256,192,43.35,skipped,runtime-assets/ladder_015.glb,227784,112,1,1,2,512,2097152,1,built,PASS,PASS,PASS,floorDecor,
ladder_016,ladder,Decor,Ladder 16,thumbnails/ladder_016.webp,2124,256,192,41.73,skipped,runtime-assets/ladder_016.glb,226204,116,1,1,2,512,2097152,1,built,PASS,PASS,PASS,floorDecor,
ladder_018,ladder,Decor,Ladder 18,thumbnails/ladder_018.webp,1048,256,192,55.47,skipped,runtime-assets/ladder_018.glb,4976,28,1,1,1,512,1048576,1,built,PASS,PASS,PASS,floorDecor,
ladder_023,ladder,Decor,Ladder 23,thumbnails/ladder_023.webp,3246,256,192,35.36,skipped,runtime-assets/ladder_023.glb,239744,198,1,1,2,512,2097152,1,built,PASS,PASS,PASS,floorDecor,
lamp,lamp,Lighting,Lamp,thumbnails/lamp.webp,1006,256,192,9.33,skipped,runtime-assets/lamp.glb,211400,862,4,4,4,512,4194304,1,built,PASS,PASS,PASS,floorLamp,
lamp_027,lamp,Lighting,Lamp 27,thumbnails/lamp_027.webp,1226,256,192,14.28,skipped,runtime-assets/lamp_027.glb,24496,482,4,4,1,512,1048576,1,built,PASS,PASS,PASS,floorLamp,
lamp_028,lamp,Lighting,Lamp 28,thumbnails/lamp_028.webp,1094,256,192,10.68,skipped,runtime-assets/lamp_028.glb,110876,748,4,4,2,512,2097152,1,built,PASS,PASS,PASS,floorLamp,
lamp_029,lamp,Lighting,Lamp 29,thumbnails/lamp_029.webp,1008,256,192,16.41,skipped,runtime-assets/lamp_029.glb,113152,764,5,5,2,512,2097152,1,built,PASS,PASS,PASS,floorLamp,
lamp_030,lamp,Lighting,Lamp 30,thumbnails/lamp_030.webp,1012,256,192,15.39,skipped,runtime-assets/lamp_030.glb,101028,442,5,5,2,512,2097152,1,built,PASS,PASS,PASS,floorLamp,
lamp_031,lamp,Lighting,Lamp 31,thumbnails/lamp_031.webp,872,256,192,14.26,skipped,runtime-assets/lamp_031.glb,226264,328,4,4,3,512,3145728,1,built,PASS,PASS,PASS,floorLamp,
lamp_032,lamp,Lighting,Lamp 32,thumbnails/lamp_032.webp,996,256,192,17.62,skipped,runtime-assets/lamp_032.glb,20100,358,4,4,1,512,1048576,1,built,PASS,PASS,PASS,floorLamp,
lamp_033,lamp,Lighting,Lamp 33,thumbnails/lamp_033.webp,974,256,192,9.48,skipped,runtime-assets/lamp_033.glb,92168,278,3,3,2,512,2097152,1,built,PASS,PASS,PASS,floorLamp,
lamp_034,lamp,Lighting,Lamp 34,thumbnails/lamp_034.webp,1092,256,192,9.96,skipped,runtime-assets/lamp_034.glb,75348,298,3,3,1,512,1048576,1,built,PASS,PASS,PASS,floorLamp,
lamp_035,lamp,Lighting,Lamp 35,thumbnails/lamp_035.webp,1788,256,192,19.29,skipped,runtime-assets/lamp_035.glb,28268,576,3,3,1,512,1048576,1,built,PASS,PASS,PASS,floorLamp,
lamp_036,lamp,Lighting,Lamp 36,thumbnails/lamp_036.webp,1264,256,192,17.05,skipped,runtime-assets/lamp_036.glb,116328,856,4,4,2,512,2097152,1,built,PASS,PASS,PASS,floorLamp,
lamp_037,lamp,Lighting,Lamp 37,thumbnails/lamp_037.webp,1030,256,192,13.67,skipped,runtime-assets/lamp_037.glb,97800,386,4,4,2,512,2097152,1,built,PASS,PASS,PASS,floorLamp,
lamp_038,lamp,Lighting,Lamp 38,thumbnails/lamp_038.webp,1110,256,192,14.16,skipped,runtime-assets/lamp_038.glb,553548,340,5,5,6,512,6291456,1,built,PASS,PASS,PASS,floorLamp,
lamp_039,lamp,Lighting,Lamp 39,thumbnails/lamp_039.webp,952,256,192,14.6,skipped,runtime-assets/lamp_039.glb,94864,292,3,3,2,512,2097152,1,built,PASS,PASS,PASS,floorLamp,
lamp_045,lamp,Lighting,Lamp 45,thumbnails/lamp_045.webp,1216,256,192,21.57,skipped,runtime-assets/lamp_045.glb,73096,264,2,2,1,512,1048576,1,built,PASS,PASS,PASS,floorLamp,
lamp_046,lamp,Lighting,Lamp 46,thumbnails/lamp_046.webp,1210,256,192,18.79,skipped,runtime-assets/lamp_046.glb,85372,80,2,2,2,512,2097152,1,built,PASS,PASS,PASS,floorLamp,
lamp_047,lamp,Lighting,Lamp 47,thumbnails/lamp_047.webp,1882,256,192,27.55,skipped,runtime-assets/lamp_047.glb,313660,142,3,3,4,512,4194304,1,built,PASS,PASS,PASS,floorLamp,
lamp_048,lamp,Lighting,Lamp 48,thumbnails/lamp_048.webp,1362,256,192,17.22,skipped,runtime-assets/lamp_048.glb,100200,428,4,4,2,512,2097152,1,built,PASS,PASS,PASS,floorLamp,
lamp_058,lamp,Lighting,Lamp 58,thumbnails/lamp_058.webp,1154,256,192,17.09,skipped,runtime-assets/lamp_058.glb,99496,428,4,4,2,512,2097152,1,built,PASS,PASS,PASS,floorLamp,
picture,picture,Decor,Picture,thumbnails/picture.webp,2178,256,192,47.2,skipped,runtime-assets/picture.glb,7624,28,2,2,2,512,1703936,1,built,PASS,PASS,PASS,floorDecor,
picture_059,picture,Decor,Picture 59,thumbnails/picture_059.webp,2648,256,192,28.61,skipped,runtime-assets/picture_059.glb,22376,30,2,2,2,512,2097152,1,built,PASS,PASS,PASS,floorDecor,
picture_060,picture,Decor,Picture 60,thumbnails/picture_060.webp,2152,256,192,28.43,skipped,runtime-assets/picture_060.glb,30992,28,2,2,2,512,2097152,1,built,PASS,PASS,PASS,floorDecor,
picture_061,picture,Decor,Picture 61,thumbnails/picture_061.webp,2882,256,192,32.8,skipped,runtime-assets/picture_061.glb,21896,28,2,2,2,512,2097152,1,built,PASS,PASS,PASS,floorDecor,
picture_062,picture,Decor,Picture 62,thumbnails/picture_062.webp,2800,256,192,46,skipped,runtime-assets/picture_062.glb,45668,30,2,2,2,512,1638400,1,built,PASS,PASS,PASS,floorDecor,
picture_063,picture,Decor,Picture 63,thumbnails/picture_063.webp,3714,256,192,45.9,skipped,runtime-assets/picture_063.glb,56184,28,2,2,2,512,1638400,1,built,PASS,PASS,PASS,floorDecor,
picture_064,picture,Decor,Picture 64,thumbnails/picture_064.webp,3214,256,192,48.23,skipped,runtime-assets/picture_064.glb,23032,28,2,2,2,512,1703936,1,built,PASS,PASS,PASS,floorDecor,
picture_065,picture,Decor,Picture 65,thumbnails/picture_065.webp,2812,256,192,46.61,skipped,runtime-assets/picture_065.glb,88704,28,2,2,2,512,1640448,1,built,PASS,PASS,PASS,floorDecor,
picture_066,picture,Decor,Picture 66,thumbnails/picture_066.webp,1994,256,192,45.76,skipped,runtime-assets/picture_066.glb,9180,28,2,2,2,512,1638400,1,built,PASS,PASS,PASS,floorDecor,
picture_067,picture,Decor,Picture 67,thumbnails/picture_067.webp,3156,256,192,47.9,skipped,runtime-assets/picture_067.glb,12148,28,2,2,2,512,1638400,1,built,PASS,PASS,PASS,floorDecor,
picture_068,picture,Decor,Picture 68,thumbnails/picture_068.webp,2612,256,192,35.48,skipped,runtime-assets/picture_068.glb,53916,28,2,2,2,512,2097152,1,built,PASS,PASS,PASS,floorDecor,
picture_069,picture,Decor,Picture 69,thumbnails/picture_069.webp,2716,256,192,46.61,skipped,runtime-assets/picture_069.glb,9712,28,2,2,2,512,1636352,1,built,PASS,PASS,PASS,floorDecor,
picture_070,picture,Decor,Picture 70,thumbnails/picture_070.webp,1462,256,192,21.9,skipped,runtime-assets/picture_070.glb,7944,28,2,2,2,512,1638400,1,built,PASS,PASS,PASS,floorDecor,
picture_071,picture,Decor,Picture 71,thumbnails/picture_071.webp,2974,256,192,42.48,skipped,runtime-assets/picture_071.glb,10212,30,2,2,2,512,1718272,1,built,PASS,PASS,PASS,floorDecor,
picture_072,picture,Decor,Picture 72,thumbnails/picture_072.webp,2660,256,192,35.26,skipped,runtime-assets/picture_072.glb,10852,28,2,2,2,512,1638400,1,built,PASS,PASS,PASS,floorDecor,
picture_073,picture,Decor,Picture 73,thumbnails/picture_073.webp,2486,256,192,46.95,skipped,runtime-assets/picture_073.glb,8444,28,2,2,2,512,1718272,1,built,PASS,PASS,PASS,floorDecor,
picture_074,picture,Decor,Picture 74,thumbnails/picture_074.webp,1914,256,192,32.17,skipped,runtime-assets/picture_074.glb,23232,28,2,2,2,512,2097152,1,built,PASS,PASS,PASS,floorDecor,
picture_075,picture,Decor,Picture 75,thumbnails/picture_075.webp,3756,256,192,48.54,skipped,runtime-assets/picture_075.glb,28868,28,2,2,2,512,1638400,1,built,PASS,PASS,PASS,floorDecor,
picture_076,picture,Decor,Picture 76,thumbnails/picture_076.webp,2486,256,192,48.22,skipped,runtime-assets/picture_076.glb,14248,28,2,2,2,512,1703936,1,built,PASS,PASS,PASS,floorDecor,
picture_077,picture,Decor,Picture 77,thumbnails/picture_077.webp,2318,256,192,24.32,skipped,runtime-assets/picture_077.glb,17980,92,2,2,2,512,1638400,1,built,PASS,PASS,PASS,floorDecor,
picture_078,picture,Decor,Picture 78,thumbnails/picture_078.webp,1890,256,192,20.82,skipped,runtime-assets/picture_078.glb,17500,156,2,2,2,512,1804288,1,built,PASS,PASS,PASS,floorDecor,
picture_079,picture,Decor,Picture 79,thumbnails/picture_079.webp,2620,256,192,24.57,skipped,runtime-assets/picture_079.glb,15548,156,2,2,2,512,1835008,1,built,PASS,PASS,PASS,floorDecor,
picture_080,picture,Decor,Picture 80,thumbnails/picture_080.webp,3256,256,192,29.81,skipped,runtime-assets/picture_080.glb,10868,30,2,2,2,512,1703936,1,built,PASS,PASS,PASS,floorDecor,
picture_081,picture,Decor,Picture 81,thumbnails/picture_081.webp,2414,256,192,44.6,skipped,runtime-assets/picture_081.glb,11736,30,2,2,2,512,1703936,1,built,PASS,PASS,PASS,floorDecor,
picture_082,picture,Decor,Picture 82,thumbnails/picture_082.webp,2756,256,192,42.64,skipped,runtime-assets/picture_082.glb,15316,30,2,2,2,512,1718272,1,built,PASS,PASS,PASS,floorDecor,
picture_083,picture,Decor,Picture 83,thumbnails/picture_083.webp,3424,256,192,28.75,skipped,runtime-assets/picture_083.glb,21836,417,2,2,1,512,1048576,1,built,PASS,PASS,PASS,floorDecor,
picture_084,picture,Decor,Picture 84,thumbnails/picture_084.webp,3356,256,192,42.48,skipped,runtime-assets/picture_084.glb,13280,30,2,2,2,512,1638400,1,built,PASS,PASS,PASS,floorDecor,
picture_085,picture,Decor,Picture 85,thumbnails/picture_085.webp,2472,256,192,42.75,skipped,runtime-assets/picture_085.glb,8780,28,2,2,2,512,1718272,1,built,PASS,PASS,PASS,floorDecor,
picture_086,picture,Decor,Picture 86,thumbnails/picture_086.webp,2822,256,192,44.68,skipped,runtime-assets/picture_086.glb,108568,30,3,3,3,512,2752512,1,built,PASS,PASS,PASS,floorDecor,
picture_087,picture,Decor,Picture 87,thumbnails/picture_087.webp,2472,256,192,38.91,skipped,runtime-assets/picture_087.glb,8976,28,2,2,2,512,1703936,1,built,PASS,PASS,PASS,floorDecor,
prop,prop,Decor,Prop,thumbnails/prop.webp,3224,256,192,48.82,skipped,runtime-assets/prop.glb,18700,402,1,1,1,512,1048576,1,built,PASS,PASS,PASS,floorDecor,
prop_082,prop,Decor,Prop 82,thumbnails/prop_082.webp,2198,256,192,21.53,skipped,runtime-assets/prop_082.glb,445728,580,2,2,4,512,4194304,1,built,PASS,PASS,PASS,floorDecor,
prop_083,prop,Decor,Prop 83,thumbnails/prop_083.webp,1692,256,192,25.36,skipped,runtime-assets/prop_083.glb,237448,296,2,2,3,512,3145728,1,built,PASS,PASS,PASS,floorDecor,
prop_084,prop,Decor,Prop 84,thumbnails/prop_084.webp,1838,256,192,24.09,skipped,runtime-assets/prop_084.glb,15824,328,2,2,1,512,1048576,1,built,PASS,PASS,PASS,floorDecor,
prop_085,prop,Decor,Prop 85,thumbnails/prop_085.webp,1280,256,192,24.41,skipped,runtime-assets/prop_085.glb,222480,296,2,2,3,512,3145728,1,built,PASS,PASS,PASS,floorDecor,
prop_086,prop,Decor,Prop 86,thumbnails/prop_086.webp,820,256,192,13.86,skipped,runtime-assets/prop_086.glb,216816,248,1,1,2,512,2097152,1,built,PASS,PASS,PASS,floorDecor,
prop_087,prop,Decor,Prop 87,thumbnails/prop_087.webp,1008,256,192,24.39,skipped,runtime-assets/prop_087.glb,214088,188,1,1,2,512,2097152,1,built,PASS,PASS,PASS,floorDecor,
prop_088,prop,Decor,Prop 88,thumbnails/prop_088.webp,946,256,192,24.99,skipped,runtime-assets/prop_088.glb,214088,188,1,1,2,512,2097152,1,built,PASS,PASS,PASS,floorDecor,
prop_089,prop,Decor,Prop 89,thumbnails/prop_089.webp,2806,256,192,49.24,skipped,runtime-assets/prop_089.glb,89944,166,2,2,2,512,2097152,1,built,PASS,PASS,PASS,floorDecor,
prop_090,prop,Decor,Prop 90,thumbnails/prop_090.webp,1082,256,192,27.5,skipped,runtime-assets/prop_090.glb,8820,132,1,1,1,512,1048576,1,built,PASS,PASS,PASS,floorDecor,
prop_091,prop,Decor,Prop 91,thumbnails/prop_091.webp,2008,256,192,28.68,skipped,runtime-assets/prop_091.glb,15336,252,1,1,1,512,1048576,1,built,PASS,PASS,PASS,floorDecor,
prop_092,prop,Decor,Prop 92,thumbnails/prop_092.webp,1250,256,192,42.25,skipped,runtime-assets/prop_092.glb,9984,128,2,2,1,512,1048576,1,built,PASS,PASS,PASS,floorDecor,
prop_093,prop,Decor,Prop 93,thumbnails/prop_093.webp,1570,256,192,20.76,skipped,runtime-assets/prop_093.glb,653392,940,6,6,7,512,7340032,1,built,PASS,PASS,PASS,floorDecor,
prop_094,prop,Decor,Prop 94,thumbnails/prop_094.webp,1290,256,192,19.02,skipped,runtime-assets/prop_094.glb,8356,164,1,1,1,512,1048576,1,built,PASS,PASS,PASS,floorDecor,
prop_095,prop,Decor,Prop 95,thumbnails/prop_095.webp,1706,256,192,17.58,skipped,runtime-assets/prop_095.glb,15124,324,2,2,1,512,1048576,1,built,PASS,PASS,PASS,floorDecor,
prop_096,prop,Decor,Prop 96,thumbnails/prop_096.webp,1836,256,192,23.19,skipped,runtime-assets/prop_096.glb,14524,304,2,2,1,512,1048576,1,built,PASS,PASS,PASS,floorDecor,
prop_097,prop,Decor,Prop 97,thumbnails/prop_097.webp,1048,256,192,32.04,skipped,runtime-assets/prop_097.glb,214160,136,1,1,2,512,2097152,1,built,PASS,PASS,PASS,floorDecor,
prop_098,prop,Decor,Prop 98,thumbnails/prop_098.webp,1300,256,192,17.08,skipped,runtime-assets/prop_098.glb,9796,148,1,1,1,512,1048576,1,built,PASS,PASS,PASS,floorDecor,
prop_099,prop,Decor,Prop 99,thumbnails/prop_099.webp,970,256,192,23.44,skipped,runtime-assets/prop_099.glb,14176,260,1,1,1,512,1048576,1,built,PASS,PASS,PASS,floorDecor,
prop_100,prop,Decor,Prop 100,thumbnails/prop_100.webp,1880,256,192,22.93,skipped,runtime-assets/prop_100.glb,106508,548,4,4,2,512,2097152,1,built,PASS,PASS,PASS,floorDecor,
prop_101,prop,Decor,Prop 101,thumbnails/prop_101.webp,1416,256,192,22.46,skipped,runtime-assets/prop_101.glb,98756,396,3,3,2,512,2097152,1,built,PASS,PASS,PASS,floorDecor,
prop_102,prop,Decor,Prop 102,thumbnails/prop_102.webp,890,256,192,21.85,skipped,runtime-assets/prop_102.glb,213572,188,1,1,2,512,2097152,1,built,PASS,PASS,PASS,floorDecor,
prop_103,prop,Decor,Prop 103,thumbnails/prop_103.webp,942,256,192,24.38,skipped,runtime-assets/prop_103.glb,214856,188,1,1,2,512,2097152,1,built,PASS,PASS,PASS,floorDecor,
prop_104,prop,Decor,Prop 104,thumbnails/prop_104.webp,1138,256,192,12.26,skipped,runtime-assets/prop_104.glb,221860,200,3,3,3,512,3145728,1,built,PASS,PASS,PASS,floorDecor,
prop_105,prop,Decor,Prop 105,thumbnails/prop_105.webp,1440,256,192,11.82,skipped,runtime-assets/prop_105.glb,13156,232,2,2,1,512,1048576,1,built,PASS,PASS,PASS,floorDecor,
prop_106,prop,Decor,Prop 106,thumbnails/prop_106.webp,1982,256,192,23.97,skipped,runtime-assets/prop_106.glb,9724,156,2,2,1,512,1048576,1,built,PASS,PASS,PASS,floorDecor,
prop_107,prop,Decor,Prop 107,thumbnails/prop_107.webp,2558,256,192,23.5,skipped,runtime-assets/prop_107.glb,9720,156,2,2,1,512,1048576,1,built,PASS,PASS,PASS,floorDecor,
prop_108,prop,Decor,Prop 108,thumbnails/prop_108.webp,2298,256,192,24.9,skipped,runtime-assets/prop_108.glb,181256,214,1,1,2,512,2097152,1,built,PASS,PASS,PASS,floorDecor,
prop_109,prop,Decor,Prop 109,thumbnails/prop_109.webp,998,256,192,18.85,skipped,runtime-assets/prop_109.glb,9228,116,2,2,1,512,1048576,1,built,PASS,PASS,PASS,floorDecor,
prop_110,prop,Decor,Prop 110,thumbnails/prop_110.webp,992,256,192,18.85,skipped,runtime-assets/prop_110.glb,9228,116,2,2,1,512,1048576,1,built,PASS,PASS,PASS,floorDecor,
prop_111,prop,Decor,Prop 111,thumbnails/prop_111.webp,2194,256,192,27.97,skipped,runtime-assets/prop_111.glb,11428,156,3,3,1,512,1048576,1,built,PASS,PASS,PASS,floorDecor,
prop_112,prop,Decor,Prop 112,thumbnails/prop_112.webp,1026,256,192,22.14,skipped,runtime-assets/prop_112.glb,215640,92,2,2,3,512,3145728,1,built,PASS,PASS,PASS,floorDecor,
prop_113,prop,Decor,Prop 113,thumbnails/prop_113.webp,2342,256,192,19.54,skipped,runtime-assets/prop_113.glb,235524,288,1,1,2,512,2097152,1,built,PASS,PASS,PASS,floorDecor,
prop_114,prop,Decor,Prop 114,thumbnails/prop_114.webp,1878,256,192,22.85,skipped,runtime-assets/prop_114.glb,106852,552,4,4,2,512,2097152,1,built,PASS,PASS,PASS,floorDecor,
prop_115,prop,Decor,Prop 115,thumbnails/prop_115.webp,2690,256,192,43.74,skipped,runtime-assets/prop_115.glb,238812,594,4,4,3,512,3145728,1,built,PASS,PASS,PASS,floorDecor,
prop_116,prop,Decor,Prop 116,thumbnails/prop_116.webp,1640,256,192,22.56,skipped,runtime-assets/prop_116.glb,15424,298,2,2,1,512,1048576,1,built,PASS,PASS,PASS,floorDecor,
prop_117,prop,Decor,Prop 117,thumbnails/prop_117.webp,3338,256,192,24.82,skipped,runtime-assets/prop_117.glb,15244,240,1,1,1,512,1048576,1,built,PASS,PASS,PASS,floorDecor,
prop_139,prop,Decor,Prop 139,thumbnails/prop_139.webp,3406,256,192,57.7,skipped,runtime-assets/prop_139.glb,9012,142,1,1,1,512,1048576,1,built,PASS,PASS,PASS,floorDecor,
prop_140,prop,Decor,Prop 140,thumbnails/prop_140.webp,3860,256,192,31.62,skipped,runtime-assets/prop_140.glb,33916,804,1,1,1,512,1048576,1,built,PASS,PASS,PASS,floorDecor,
prop_141,prop,Decor,Prop 141,thumbnails/prop_141.webp,3332,256,192,29.66,skipped,runtime-assets/prop_141.glb,39204,938,1,1,1,512,1048576,1,built,PASS,PASS,PASS,floorDecor,
prop_142,prop,Decor,Prop 142,thumbnails/prop_142.webp,2174,256,192,29.88,skipped,runtime-assets/prop_142.glb,13768,274,1,1,1,512,1048576,1,built,PASS,PASS,PASS,floorDecor,
prop_143,prop,Decor,Prop 143,thumbnails/prop_143.webp,3294,256,192,21.8,skipped,runtime-assets/prop_143.glb,69908,1742,1,1,1,512,1048576,1,built,PASS,PASS,PASS,floorDecor,
prop_144,prop,Decor,Prop 144,thumbnails/prop_144.webp,3104,256,192,23.27,skipped,runtime-assets/prop_144.glb,61348,1510,1,1,1,512,1048576,1,built,PASS,PASS,PASS,floorDecor,
prop_145,prop,Decor,Prop 145,thumbnails/prop_145.webp,3126,256,192,33.01,skipped,runtime-assets/prop_145.glb,40652,962,1,1,1,512,1048576,1,built,PASS,PASS,PASS,floorDecor,
prop_146,prop,Decor,Prop 146,thumbnails/prop_146.webp,3290,256,192,21.8,skipped,runtime-assets/prop_146.glb,69908,1742,1,1,1,512,1048576,1,built,PASS,PASS,PASS,floorDecor,
prop_147,prop,Decor,Prop 147,thumbnails/prop_147.webp,1150,256,192,53.58,skipped,runtime-assets/prop_147.glb,3536,4,1,1,1,512,1048576,1,built,PASS,PASS,PASS,floorDecor,
prop_148,prop,Decor,Prop 148,thumbnails/prop_148.webp,822,256,192,23.58,skipped,runtime-assets/prop_148.glb,3820,8,1,1,1,512,1048576,1,built,PASS,PASS,PASS,floorDecor,
prop_149,prop,Decor,Prop 149,thumbnails/prop_149.webp,1482,256,192,36.87,skipped,runtime-assets/prop_149.glb,12260,192,2,2,1,512,1048576,1,built,PASS,PASS,PASS,floorDecor,
prop_150,prop,Decor,Prop 150,thumbnails/prop_150.webp,2594,256,192,48.71,skipped,runtime-assets/prop_150.glb,11084,159,2,2,1,512,1048576,1,built,PASS,PASS,PASS,floorDecor,
prop_151,prop,Decor,Prop 151,thumbnails/prop_151.webp,1328,256,192,17.94,skipped,runtime-assets/prop_151.glb,18104,430,2,2,1,512,1048576,1,built,PASS,PASS,PASS,floorDecor,
prop_152,prop,Decor,Prop 152,thumbnails/prop_152.webp,886,256,192,19.01,skipped,runtime-assets/prop_152.glb,16528,414,1,1,1,512,1048576,1,built,PASS,PASS,PASS,floorDecor,
prop_153,prop,Decor,Prop 153,thumbnails/prop_153.webp,2506,256,192,46.67,skipped,runtime-assets/prop_153.glb,12992,155,3,3,1,512,1048576,1,built,PASS,PASS,PASS,floorDecor,
prop_154,prop,Decor,Prop 154,thumbnails/prop_154.webp,3092,256,192,33.4,skipped,runtime-assets/prop_154.glb,18224,268,3,3,1,512,1048576,1,built,PASS,PASS,PASS,floorDecor,
prop_155,prop,Decor,Prop 155,thumbnails/prop_155.webp,862,256,192,27.54,skipped,runtime-assets/prop_155.glb,6020,100,1,1,1,512,1048576,1,built,PASS,PASS,PASS,floorDecor,
prop_156,prop,Decor,Prop 156,thumbnails/prop_156.webp,2614,256,192,49.22,skipped,runtime-assets/prop_156.glb,9292,107,2,2,1,512,1048576,1,built,PASS,PASS,PASS,floorDecor,
prop_157,prop,Decor,Prop 157,thumbnails/prop_157.webp,2448,256,192,44.54,skipped,runtime-assets/prop_157.glb,11304,143,3,3,1,512,1048576,1,built,PASS,PASS,PASS,floorDecor,
prop_158,prop,Decor,Prop 158,thumbnails/prop_158.webp,1490,256,192,34.62,skipped,runtime-assets/prop_158.glb,9676,148,2,2,1,512,1048576,1,built,PASS,PASS,PASS,floorDecor,
prop_159,prop,Decor,Prop 159,thumbnails/prop_159.webp,840,256,192,19.69,skipped,runtime-assets/prop_159.glb,8792,172,1,1,1,512,1048576,1,built,PASS,PASS,PASS,floorDecor,
prop_160,prop,Decor,Prop 160,thumbnails/prop_160.webp,2116,256,192,46.28,skipped,runtime-assets/prop_160.glb,12496,178,2,2,1,512,1048576,1,built,PASS,PASS,PASS,floorDecor,
prop_161,prop,Decor,Prop 161,thumbnails/prop_161.webp,2752,256,192,49.22,skipped,runtime-assets/prop_161.glb,10036,123,2,2,1,512,1048576,1,built,PASS,PASS,PASS,floorDecor,
prop_162,prop,Decor,Prop 162,thumbnails/prop_162.webp,2182,256,192,35.05,skipped,runtime-assets/prop_162.glb,11232,162,2,2,1,512,1048576,1,built,PASS,PASS,PASS,floorDecor,
prop_163,prop,Decor,Prop 163,thumbnails/prop_163.webp,894,256,192,21.68,skipped,runtime-assets/prop_163.glb,13756,236,1,1,1,512,1048576,1,built,PASS,PASS,PASS,floorDecor,
prop_164,prop,Decor,Prop 164,thumbnails/prop_164.webp,830,256,192,17.04,skipped,runtime-assets/prop_164.glb,8132,164,1,1,1,512,1048576,1,built,PASS,PASS,PASS,floorDecor,
prop_165,prop,Decor,Prop 165,thumbnails/prop_165.webp,2044,256,192,34.33,skipped,runtime-assets/prop_165.glb,11232,162,2,2,1,512,1048576,1,built,PASS,PASS,PASS,floorDecor,
prop_166,prop,Decor,Prop 166,thumbnails/prop_166.webp,878,256,192,26.49,skipped,runtime-assets/prop_166.glb,6452,108,1,1,1,512,1048576,1,built,PASS,PASS,PASS,floorDecor,
prop_167,prop,Decor,Prop 167,thumbnails/prop_167.webp,1836,256,192,26.37,skipped,runtime-assets/prop_167.glb,11780,184,2,2,1,512,1048576,1,built,PASS,PASS,PASS,floorDecor,
prop_168,prop,Decor,Prop 168,thumbnails/prop_168.webp,3014,256,192,45.67,skipped,runtime-assets/prop_168.glb,93836,248,3,3,2,512,2097152,1,built,PASS,PASS,PASS,floorDecor,
prop_169,prop,Decor,Prop 169,thumbnails/prop_169.webp,1176,256,192,29.61,skipped,runtime-assets/prop_169.glb,11756,182,2,2,1,512,1048576,1,built,PASS,PASS,PASS,floorDecor,
prop_170,prop,Decor,Prop 170,thumbnails/prop_170.webp,840,256,192,11.85,skipped,runtime-assets/prop_170.glb,8432,164,1,1,1,512,1048576,1,built,PASS,PASS,PASS,floorDecor,
prop_171,prop,Decor,Prop 171,thumbnails/prop_171.webp,862,256,192,15.3,skipped,runtime-assets/prop_171.glb,15844,236,1,1,1,512,1048576,1,built,PASS,PASS,PASS,floorDecor,
prop_172,prop,Decor,Prop 172,thumbnails/prop_172.webp,1200,256,192,11.48,skipped,runtime-assets/prop_172.glb,102540,2450,2,2,1,512,1048576,1,built,PASS,PASS,PASS,floorDecor,
prop_173,prop,Decor,Prop 173,thumbnails/prop_173.webp,2618,256,192,49.15,skipped,runtime-assets/prop_173.glb,15148,206,3,3,1,512,1048576,1,built,PASS,PASS,PASS,floorDecor,
prop_174,prop,Decor,Prop 174,thumbnails/prop_174.webp,2288,256,192,35.29,skipped,runtime-assets/prop_174.glb,11232,162,2,2,1,512,1048576,1,built,PASS,PASS,PASS,floorDecor,
prop_175,prop,Decor,Prop 175,thumbnails/prop_175.webp,2240,256,192,47.42,skipped,runtime-assets/prop_175.glb,91796,208,3,3,2,512,2097152,1,built,PASS,PASS,PASS,floorDecor,
prop_176,prop,Decor,Prop 176,thumbnails/prop_176.webp,2476,256,192,46.02,skipped,runtime-assets/prop_176.glb,11616,162,2,2,1,512,1048576,1,built,PASS,PASS,PASS,floorDecor,
prop_177,prop,Decor,Prop 177,thumbnails/prop_177.webp,1708,256,192,34.75,skipped,runtime-assets/prop_177.glb,11232,162,2,2,1,512,1048576,1,built,PASS,PASS,PASS,floorDecor,
prop_178,prop,Decor,Prop 178,thumbnails/prop_178.webp,2894,256,192,50.26,skipped,runtime-assets/prop_178.glb,13100,180,2,2,1,512,1048576,1,built,PASS,PASS,PASS,floorDecor,
prop_179,prop,Decor,Prop 179,thumbnails/prop_179.webp,2588,256,192,44.68,skipped,runtime-assets/prop_179.glb,11612,162,2,2,1,512,1048576,1,built,PASS,PASS,PASS,floorDecor,
prop_180,prop,Decor,Prop 180,thumbnails/prop_180.webp,2512,256,192,47,skipped,runtime-assets/prop_180.glb,12876,178,2,2,1,512,1048576,1,built,PASS,PASS,PASS,floorDecor,
prop_181,prop,Decor,Prop 181,thumbnails/prop_181.webp,3020,256,192,50.52,skipped,runtime-assets/prop_181.glb,15928,242,2,2,1,512,1048576,1,built,PASS,PASS,PASS,floorDecor,
prop_182,prop,Decor,Prop 182,thumbnails/prop_182.webp,2416,256,192,46.54,skipped,runtime-assets/prop_182.glb,12160,208,1,1,1,512,1048576,1,built,PASS,PASS,PASS,floorDecor,
prop_183,prop,Decor,Prop 183,thumbnails/prop_183.webp,2514,256,192,46.3,skipped,runtime-assets/prop_183.glb,91796,208,3,3,2,512,2097152,1,built,PASS,PASS,PASS,floorDecor,
prop_184,prop,Decor,Prop 184,thumbnails/prop_184.webp,3412,256,192,49.95,skipped,runtime-assets/prop_184.glb,11340,154,2,2,1,512,1048576,1,built,PASS,PASS,PASS,floorDecor,
prop_185,prop,Decor,Prop 185,thumbnails/prop_185.webp,1684,256,192,46.55,skipped,runtime-assets/prop_185.glb,11712,162,2,2,1,512,1048576,1,built,PASS,PASS,PASS,floorDecor,
prop_186,prop,Decor,Prop 186,thumbnails/prop_186.webp,2146,256,192,44.55,skipped,runtime-assets/prop_186.glb,91016,171,3,3,2,512,2097152,1,built,PASS,PASS,PASS,floorDecor,
prop_187,prop,Decor,Prop 187,thumbnails/prop_187.webp,862,256,192,18.68,skipped,runtime-assets/prop_187.glb,11564,212,1,1,1,512,1048576,1,built,PASS,PASS,PASS,floorDecor,
prop_188,prop,Decor,Prop 188,thumbnails/prop_188.webp,2876,256,192,51.46,skipped,runtime-assets/prop_188.glb,14324,242,2,2,1,512,1048576,1,built,PASS,PASS,PASS,floorDecor,
prop_189,prop,Decor,Prop 189,thumbnails/prop_189.webp,2460,256,192,49.74,skipped,runtime-assets/prop_189.glb,13128,155,3,3,1,512,1048576,1,built,PASS,PASS,PASS,floorDecor,
prop_190,prop,Decor,Prop 190,thumbnails/prop_190.webp,904,256,192,19.51,skipped,runtime-assets/prop_190.glb,17688,414,2,2,1,512,1048576,1,built,PASS,PASS,PASS,floorDecor,
prop_191,prop,Decor,Prop 191,thumbnails/prop_191.webp,1426,256,192,20.13,skipped,runtime-assets/prop_191.glb,22228,510,2,2,1,512,1048576,1,built,PASS,PASS,PASS,floorDecor,
prop_212,prop,Decor,Prop 212,thumbnails/prop_212.webp,2670,256,192,49.24,skipped,runtime-assets/prop_212.glb,89944,166,2,2,2,512,2097152,1,built,PASS,PASS,PASS,floorDecor,
shelf,shelf,Storage,Shelf,thumbnails/shelf.webp,2022,256,192,45.75,skipped,runtime-assets/shelf.glb,228980,92,1,1,2,512,2097152,1,built,PASS,PASS,PASS,console,
shelf_056,shelf,Storage,Shelf 56,thumbnails/shelf_056.webp,3292,256,192,29.17,skipped,runtime-assets/shelf_056.glb,243912,648,2,2,3,512,3145728,1,built,PASS,PASS,PASS,console,
shelf_057,shelf,Storage,Shelf 57,thumbnails/shelf_057.webp,2192,256,192,30.03,skipped,runtime-assets/shelf_057.glb,28176,576,1,1,1,512,1048576,1,built,PASS,PASS,PASS,console,
shelf_058,shelf,Storage,Shelf 58,thumbnails/shelf_058.webp,2458,256,192,44.38,skipped,runtime-assets/shelf_058.glb,338388,288,2,2,4,512,4194304,1,built,PASS,PASS,PASS,console,
shelf_059,shelf,Storage,Shelf 59,thumbnails/shelf_059.webp,1074,256,192,39.59,skipped,runtime-assets/shelf_059.glb,13556,252,1,1,1,512,1048576,1,built,PASS,PASS,PASS,console,
shelf_060,shelf,Storage,Shelf 60,thumbnails/shelf_060.webp,2234,256,192,27.6,skipped,runtime-assets/shelf_060.glb,233548,220,1,1,2,512,2097152,1,built,PASS,PASS,PASS,console,
shelf_061,shelf,Storage,Shelf 61,thumbnails/shelf_061.webp,4642,256,192,54.05,skipped,runtime-assets/shelf_061.glb,227384,244,2,2,3,512,3145728,1,built,PASS,PASS,PASS,console,
shelf_062,shelf,Storage,Shelf 62,thumbnails/shelf_062.webp,1840,256,192,43.15,skipped,runtime-assets/shelf_062.glb,227548,80,2,2,3,512,3145728,1,built,PASS,PASS,PASS,console,
shelf_063,shelf,Storage,Shelf 63,thumbnails/shelf_063.webp,936,256,192,25.58,skipped,runtime-assets/shelf_063.glb,225860,272,1,1,2,512,2097152,1,built,PASS,PASS,PASS,console,
shelf_064,shelf,Storage,Shelf 64,thumbnails/shelf_064.webp,1166,256,192,36.23,skipped,runtime-assets/shelf_064.glb,14296,312,1,1,1,512,1048576,1,built,PASS,PASS,PASS,console,
shelf_065,shelf,Storage,Shelf 65,thumbnails/shelf_065.webp,3934,256,192,32.76,skipped,runtime-assets/shelf_065.glb,50016,1140,2,2,1,512,1048576,1,built,PASS,PASS,PASS,console,
shelf_066,shelf,Storage,Shelf 66,thumbnails/shelf_066.webp,1732,256,192,28.39,skipped,runtime-assets/shelf_066.glb,233696,264,2,2,3,512,3145728,1,built,PASS,PASS,PASS,console,
shelf_067,shelf,Storage,Shelf 67,thumbnails/shelf_067.webp,2972,256,192,53.36,skipped,runtime-assets/shelf_067.glb,182144,340,1,1,2,512,2097152,1,built,PASS,PASS,PASS,console,
shelf_068,shelf,Storage,Shelf 68,thumbnails/shelf_068.webp,2188,256,192,60.67,skipped,runtime-assets/shelf_068.glb,8328,128,1,1,1,512,1048576,1,built,PASS,PASS,PASS,console,
shelf_069,shelf,Storage,Shelf 69,thumbnails/shelf_069.webp,1542,256,192,38.63,skipped,runtime-assets/shelf_069.glb,446352,232,3,3,5,512,5242880,1,built,PASS,PASS,PASS,console,
shelf_070,shelf,Storage,Shelf 70,thumbnails/shelf_070.webp,1210,256,192,30.02,skipped,runtime-assets/shelf_070.glb,247120,732,1,1,2,512,2097152,1,built,PASS,PASS,PASS,console,
shelf_071,shelf,Storage,Shelf 71,thumbnails/shelf_071.webp,1118,256,192,24.61,skipped,runtime-assets/shelf_071.glb,223656,328,2,2,3,512,3145728,1,built,PASS,PASS,PASS,console,
shelf_072,shelf,Storage,Shelf 72,thumbnails/shelf_072.webp,1838,256,192,40.12,skipped,runtime-assets/shelf_072.glb,282644,1216,2,2,3,512,3145728,1,built,PASS,PASS,PASS,console,
shelf_073,shelf,Storage,Shelf 73,thumbnails/shelf_073.webp,3232,256,192,47.38,skipped,runtime-assets/shelf_073.glb,199332,352,1,1,2,512,2097152,1,built,PASS,PASS,PASS,console,
shelf_074,shelf,Storage,Shelf 74,thumbnails/shelf_074.webp,2422,256,192,31.02,skipped,runtime-assets/shelf_074.glb,8648,96,1,1,1,512,1048576,1,built,PASS,PASS,PASS,console,
shelf_078,shelf,Storage,Shelf 78,thumbnails/shelf_078.webp,880,256,192,37.3,skipped,runtime-assets/shelf_078.glb,6316,92,1,1,1,512,1048576,1,built,PASS,PASS,PASS,console,
sofa,sofa,Seating,Sofa,thumbnails/sofa.webp,2798,256,192,59.52,skipped,runtime-assets/sofa.glb,58020,1630,2,2,1,512,1048576,1,built,PASS,PASS,PASS,sofa,
sofa_026,sofa,Seating,Sofa 26,thumbnails/sofa_026.webp,2958,256,192,59.99,skipped,runtime-assets/sofa_026.glb,205892,664,1,1,2,512,2097152,1,built,PASS,PASS,PASS,sofa,
sofa_027,sofa,Seating,Sofa 27,thumbnails/sofa_027.webp,2958,256,192,61.94,skipped,runtime-assets/sofa_027.glb,264896,630,3,3,3,512,3145728,1,built,PASS,PASS,PASS,sofa,
sofa_028,sofa,Seating,Sofa 28,thumbnails/sofa_028.webp,2342,256,192,62.75,skipped,runtime-assets/sofa_028.glb,20304,400,2,2,1,512,1048576,1,built,PASS,PASS,PASS,sofa,
sofa_029,sofa,Seating,Sofa 29,thumbnails/sofa_029.webp,2714,256,192,61.19,skipped,runtime-assets/sofa_029.glb,24876,532,2,2,1,512,1048576,1,built,PASS,PASS,PASS,sofa,
sofa_030,sofa,Seating,Sofa 30,thumbnails/sofa_030.webp,2062,256,192,52.99,skipped,runtime-assets/sofa_030.glb,212488,238,2,2,3,512,3145728,1,built,PASS,PASS,PASS,sofa,
sofa_031,sofa,Seating,Sofa 31,thumbnails/sofa_031.webp,1988,256,192,54.38,skipped,runtime-assets/sofa_031.glb,7592,120,1,1,1,512,1048576,1,built,PASS,PASS,PASS,sofa,
sofa_032,sofa,Seating,Sofa 32,thumbnails/sofa_032.webp,2780,256,192,43.89,skipped,runtime-assets/sofa_032.glb,640372,2253,2,2,4,512,4194304,1,built,PASS,PASS,PASS,sofa,
sofa_033,sofa,Seating,Sofa 33,thumbnails/sofa_033.webp,1314,256,192,49.15,skipped,runtime-assets/sofa_033.glb,257192,1080,1,1,2,512,2097152,1,built,PASS,PASS,PASS,sofa,
sofa_034,sofa,Seating,Sofa 34,thumbnails/sofa_034.webp,1890,256,192,51.57,skipped,runtime-assets/sofa_034.glb,505604,1243,3,3,5,512,5242880,1,built,PASS,PASS,PASS,sofa,
sofa_035,sofa,Seating,Sofa 35,thumbnails/sofa_035.webp,2446,256,192,50.49,skipped,runtime-assets/sofa_035.glb,246812,326,2,2,3,512,3145728,1,built,PASS,PASS,PASS,sofa,
sofa_036,sofa,Seating,Sofa 36,thumbnails/sofa_036.webp,2488,256,192,53.53,skipped,runtime-assets/sofa_036.glb,555972,1396,2,2,4,512,4194304,1,built,PASS,PASS,PASS,sofa,
sofa_037,sofa,Seating,Sofa 37,thumbnails/sofa_037.webp,3044,256,192,54.87,skipped,runtime-assets/sofa_037.glb,196336,504,2,2,3,512,3145728,1,built,PASS,PASS,PASS,sofa,
sofa_038,sofa,Seating,Sofa 38,thumbnails/sofa_038.webp,3574,256,192,55.63,skipped,runtime-assets/sofa_038.glb,670192,1112,4,4,6,512,6291456,1,built,PASS,PASS,PASS,sofa,
sofa_039,sofa,Seating,Sofa 39,thumbnails/sofa_039.webp,3396,256,192,63.92,skipped,runtime-assets/sofa_039.glb,368144,1192,3,3,3,512,3145728,1,built,PASS,PASS,PASS,sofa,
sofa_040,sofa,Seating,Sofa 40,thumbnails/sofa_040.webp,2104,256,192,46.8,skipped,runtime-assets/sofa_040.glb,99564,450,2,2,2,512,2097152,1,built,PASS,PASS,PASS,sofa,
sofa_041,sofa,Seating,Sofa 41,thumbnails/sofa_041.webp,2798,256,192,54.32,skipped,runtime-assets/sofa_041.glb,212488,238,2,2,3,512,3145728,1,built,PASS,PASS,PASS,sofa,
sofa_042,sofa,Seating,Sofa 42,thumbnails/sofa_042.webp,2286,256,192,54.32,skipped,runtime-assets/sofa_042.glb,14124,238,2,2,1,512,1048576,1,built,PASS,PASS,PASS,sofa,
sofa_043,sofa,Seating,Sofa 43,thumbnails/sofa_043.webp,1050,256,192,47.04,skipped,runtime-assets/sofa_043.glb,13164,238,1,1,1,512,1048576,1,built,PASS,PASS,PASS,sofa,
sofa_044,sofa,Seating,Sofa 44,thumbnails/sofa_044.webp,2666,256,192,41.7,skipped,runtime-assets/sofa_044.glb,113000,3378,2,2,1,512,1048576,1,built,PASS,PASS,PASS,sofa,
sofa_045,sofa,Seating,Sofa 45,thumbnails/sofa_045.webp,3126,256,192,54.57,skipped,runtime-assets/sofa_045.glb,212160,1396,2,2,3,512,3145728,1,built,PASS,PASS,PASS,sofa,
sofa_054,sofa,Seating,Sofa 54,thumbnails/sofa_054.webp,3082,256,192,54.63,skipped,runtime-assets/sofa_054.glb,14124,238,2,2,1,512,1048576,1,built,PASS,PASS,PASS,sofa,
sofa_055,sofa,Seating,Sofa 55,thumbnails/sofa_055.webp,2474,256,192,62.63,skipped,runtime-assets/sofa_055.glb,20304,400,2,2,1,512,1048576,1,built,PASS,PASS,PASS,sofa,
sofa_068,sofa,Seating,Sofa 68,thumbnails/sofa_068.webp,2444,256,192,51.56,skipped,runtime-assets/sofa_068.glb,17436,326,2,2,1,512,1048576,1,built,PASS,PASS,PASS,sofa,
sofa_070,sofa,Seating,Sofa 70,thumbnails/sofa_070.webp,1746,256,192,52.39,skipped,runtime-assets/sofa_070.glb,238620,238,2,2,3,512,3145728,1,built,PASS,PASS,PASS,sofa,
sofa_072,sofa,Seating,Sofa 72,thumbnails/sofa_072.webp,1292,256,192,57.63,skipped,runtime-assets/sofa_072.glb,20304,400,2,2,1,512,1048576,1,built,PASS,PASS,PASS,sofa,
sofa_096,sofa,Seating,Sofa 96,thumbnails/sofa_096.webp,2964,256,192,45.12,skipped,runtime-assets/sofa_096.glb,308668,2253,2,2,3,512,3145728,1,built,PASS,PASS,PASS,sofa,
training,training,Decor,Training,thumbnails/training.webp,2302,256,192,25,skipped,runtime-assets/training.glb,160308,1895,5,5,2,512,2097152,1,built,PASS,PASS,PASS,floorDecor,
training_001,training,Decor,Training 1,thumbnails/training_001.webp,1852,256,192,47.44,skipped,runtime-assets/training_001.glb,7100,80,1,1,1,512,1048576,1,built,PASS,PASS,PASS,floorDecor,
training_002,training,Decor,Training 2,thumbnails/training_002.webp,2106,256,192,26.29,skipped,runtime-assets/training_002.glb,117692,894,4,4,2,512,2097152,1,built,PASS,PASS,PASS,floorDecor,
training_003,training,Decor,Training 3,thumbnails/training_003.webp,1940,256,192,20.9,skipped,runtime-assets/training_003.glb,46508,1074,2,2,1,512,1048576,1,built,PASS,PASS,PASS,floorDecor,
training_004,training,Decor,Training 4,thumbnails/training_004.webp,3604,256,192,51.92,skipped,runtime-assets/training_004.glb,148532,3376,3,3,1,512,1048576,1,built,PASS,PASS,PASS,floorDecor,
training_005,training,Decor,Training 5,thumbnails/training_005.webp,2226,256,192,29.48,skipped,runtime-assets/training_005.glb,30408,657,3,3,1,512,1048576,1,built,PASS,PASS,PASS,floorDecor,
training_006,training,Decor,Training 6,thumbnails/training_006.webp,2406,256,192,54.93,skipped,runtime-assets/training_006.glb,16260,248,3,3,1,512,1048576,1,built,PASS,PASS,PASS,floorDecor,
training_007,training,Decor,Training 7,thumbnails/training_007.webp,2648,256,192,31.35,skipped,runtime-assets/training_007.glb,111320,626,4,4,2,512,2097152,1,built,PASS,PASS,PASS,floorDecor,
training_008,training,Decor,Training 8,thumbnails/training_008.webp,4042,256,192,35.82,skipped,runtime-assets/training_008.glb,131024,1013,4,4,2,512,2097152,1,built,PASS,PASS,PASS,floorDecor,
training_009,training,Decor,Training 9,thumbnails/training_009.webp,2062,256,192,28.2,skipped,runtime-assets/training_009.glb,15988,319,2,2,1,512,1048576,1,built,PASS,PASS,PASS,floorDecor,
training_010,training,Decor,Training 10,thumbnails/training_010.webp,2004,256,192,32.37,skipped,runtime-assets/training_010.glb,10344,164,2,2,1,512,1048576,1,built,PASS,PASS,PASS,floorDecor,
training_011,training,Decor,Training 11,thumbnails/training_011.webp,3702,256,192,31.49,skipped,runtime-assets/training_011.glb,202584,2924,4,4,2,512,2097152,1,built,PASS,PASS,PASS,floorDecor,
training_012,training,Decor,Training 12,thumbnails/training_012.webp,2834,256,192,28.63,skipped,runtime-assets/training_012.glb,155468,1794,4,4,2,512,2097152,1,built,PASS,PASS,PASS,floorDecor,
training_013,training,Decor,Training 13,thumbnails/training_013.webp,1908,256,192,32.54,skipped,runtime-assets/training_013.glb,12456,128,2,2,1,512,1048576,1,built,PASS,PASS,PASS,floorDecor,
training_014,training,Decor,Training 14,thumbnails/training_014.webp,2690,256,192,17.68,skipped,runtime-assets/training_014.glb,230220,208,1,1,2,512,2097152,1,built,PASS,PASS,PASS,floorDecor,
training_015,training,Decor,Training 15,thumbnails/training_015.webp,3108,256,192,23.86,skipped,runtime-assets/training_015.glb,247420,426,3,3,3,512,3145728,1,built,PASS,PASS,PASS,floorDecor,
training_016,training,Decor,Training 16,thumbnails/training_016.webp,2784,256,192,37.98,skipped,runtime-assets/training_016.glb,30232,458,3,3,1,512,1048576,1,built,PASS,PASS,PASS,floorDecor,
training_017,training,Decor,Training 17,thumbnails/training_017.webp,2150,256,192,34.61,skipped,runtime-assets/training_017.glb,36716,744,3,3,1,512,1048576,1,built,PASS,PASS,PASS,floorDecor,
training_018,training,Decor,Training 18,thumbnails/training_018.webp,2016,256,192,32.54,skipped,runtime-assets/training_018.glb,30676,592,3,3,1,512,1048576,1,built,PASS,PASS,PASS,floorDecor,
training_019,training,Decor,Training 19,thumbnails/training_019.webp,1940,256,192,32.54,skipped,runtime-assets/training_019.glb,30684,592,3,3,1,512,1048576,1,built,PASS,PASS,PASS,floorDecor,
wall,wall,Architecture,Wall,thumbnails/wall.webp,850,256,192,4.37,skipped,runtime-assets/wall.glb,1952,12,1,1,0,0,0,1,built,PASS,PASS,PASS,floorDecor,
wall_018,wall,Architecture,Wall 18,thumbnails/wall_018.webp,862,256,192,26.3,skipped,runtime-assets/wall_018.glb,4032,12,1,1,1,512,1048576,1,built,PASS,PASS,PASS,floorDecor,
wall_019,wall,Architecture,Wall 19,thumbnails/wall_019.webp,928,256,192,19.65,skipped,runtime-assets/wall_019.glb,7060,88,1,1,1,512,1048576,1,built,PASS,PASS,PASS,floorDecor,
wall_025,wall,Architecture,Wall 25,thumbnails/wall_025.webp,888,256,192,32.67,skipped,runtime-assets/wall_025.glb,4100,12,1,1,1,512,1048576,1,built,PASS,PASS,PASS,floorDecor,
wall_026,wall,Architecture,Wall 26,thumbnails/wall_026.webp,862,256,192,26.3,skipped,runtime-assets/wall_026.glb,4020,12,1,1,1,512,1048576,1,built,PASS,PASS,PASS,floorDecor,
wall_027,wall,Architecture,Wall 27,thumbnails/wall_027.webp,940,256,192,25.89,skipped,runtime-assets/wall_027.glb,4684,24,1,1,1,512,1048576,1,built,PASS,PASS,PASS,floorDecor,
wall_028,wall,Architecture,Wall 28,thumbnails/wall_028.webp,850,256,192,15.93,skipped,runtime-assets/wall_028.glb,4360,18,1,1,1,512,1048576,1,built,PASS,PASS,PASS,floorDecor,
wall_029,wall,Architecture,Wall 29,thumbnails/wall_029.webp,866,256,192,25.69,skipped,runtime-assets/wall_029.glb,4452,20,1,1,1,512,1048576,1,built,PASS,PASS,PASS,floorDecor,
wall_030,wall,Architecture,Wall 30,thumbnails/wall_030.webp,892,256,192,29.99,skipped,runtime-assets/wall_030.glb,4016,12,1,1,1,512,1048576,1,built,PASS,PASS,PASS,floorDecor,
wall_031,wall,Architecture,Wall 31,thumbnails/wall_031.webp,872,256,192,55.08,skipped,runtime-assets/wall_031.glb,4020,12,1,1,1,512,1048576,1,built,PASS,PASS,PASS,floorDecor,
wall_032,wall,Architecture,Wall 32,thumbnails/wall_032.webp,1000,256,192,22.32,skipped,runtime-assets/wall_032.glb,4020,12,1,1,1,512,1048576,1,built,PASS,PASS,PASS,floorDecor,
wall_033,wall,Architecture,Wall 33,thumbnails/wall_033.webp,928,256,192,26.3,skipped,runtime-assets/wall_033.glb,4908,32,1,1,1,512,1048576,1,built,PASS,PASS,PASS,floorDecor,
wall_034,wall,Architecture,Wall 34,thumbnails/wall_034.webp,878,256,192,11.54,skipped,runtime-assets/wall_034.glb,7232,54,2,2,1,512,1048576,1,built,PASS,PASS,PASS,floorDecor,
wall_035,wall,Architecture,Wall 35,thumbnails/wall_035.webp,802,256,192,2.09,skipped,runtime-assets/wall_035.glb,1972,12,1,1,0,0,0,1,built,PASS,PASS,PASS,floorDecor,
wall_036,wall,Architecture,Wall 36,thumbnails/wall_036.webp,778,256,192,10.31,skipped,runtime-assets/wall_036.glb,1944,12,1,1,0,0,0,1,built,PASS,PASS,PASS,floorDecor,
wall_037,wall,Architecture,Wall 37,thumbnails/wall_037.webp,860,256,192,7.61,skipped,runtime-assets/wall_037.glb,1972,12,1,1,0,0,0,1,built,PASS,PASS,PASS,floorDecor,
wall_038,wall,Architecture,Wall 38,thumbnails/wall_038.webp,1692,256,192,18.53,skipped,runtime-assets/wall_038.glb,13688,228,2,2,1,512,1048576,1,built,PASS,PASS,PASS,floorDecor,
wall_039,wall,Architecture,Wall 39,thumbnails/wall_039.webp,1940,256,192,21.35,skipped,runtime-assets/wall_039.glb,9388,88,2,2,1,512,1048576,1,built,PASS,PASS,PASS,floorDecor,
wall_040,wall,Architecture,Wall 40,thumbnails/wall_040.webp,1666,256,192,21.67,skipped,runtime-assets/wall_040.glb,5968,36,2,2,1,512,1048576,1,built,PASS,PASS,PASS,floorDecor,
wall_042,wall,Architecture,Wall 42,thumbnails/wall_042.webp,1920,256,192,21.81,skipped,runtime-assets/wall_042.glb,7932,64,2,2,1,512,1048576,1,built,PASS,PASS,PASS,floorDecor,
wall_043,wall,Architecture,Wall 43,thumbnails/wall_043.webp,1882,256,192,21.67,skipped,runtime-assets/wall_043.glb,7232,54,2,2,1,512,1048576,1,built,PASS,PASS,PASS,floorDecor,
wall_053,wall,Architecture,Wall 53,thumbnails/wall_053.webp,968,256,192,25.16,skipped,runtime-assets/wall_053.glb,4908,32,1,1,1,512,1048576,1,built,PASS,PASS,PASS,floorDecor,
wall_111,wall,Architecture,Wall 111,thumbnails/wall_111.webp,1074,256,192,35.58,skipped,runtime-assets/wall_111.glb,4924,28,1,1,1,512,1048576,1,built,PASS,PASS,PASS,floorDecor,
wall_113,wall,Architecture,Wall 113,thumbnails/wall_113.webp,906,256,192,26.71,skipped,runtime-assets/wall_113.glb,4604,24,1,1,1,512,1048576,1,built,PASS,PASS,PASS,floorDecor,
wall_118,wall,Architecture,Wall 118,thumbnails/wall_118.webp,918,256,192,29.99,skipped,runtime-assets/wall_118.glb,4804,20,1,1,1,512,1048576,1,built,PASS,PASS,PASS,floorDecor,
wall_120,wall,Architecture,Wall 120,thumbnails/wall_120.webp,852,256,192,28.69,skipped,runtime-assets/wall_120.glb,4804,20,1,1,1,512,1048576,1,built,PASS,PASS,PASS,floorDecor,
wall_158,wall,Architecture,Wall 158,thumbnails/wall_158.webp,1054,256,192,36,skipped,runtime-assets/wall_158.glb,4064,12,1,1,1,512,1048576,1,built,PASS,PASS,PASS,floorDecor,
wall_190,wall,Architecture,Wall 190,thumbnails/wall_190.webp,926,256,192,26.2,skipped,runtime-assets/wall_190.glb,4580,20,1,1,1,512,1048576,1,built,PASS,PASS,PASS,floorDecor,
wall_191,wall,Architecture,Wall 191,thumbnails/wall_191.webp,908,256,192,35.4,skipped,runtime-assets/wall_191.glb,4020,12,1,1,1,512,1048576,1,built,PASS,PASS,PASS,floorDecor,
wall_319,wall,Architecture,Wall 319,thumbnails/wall_319.webp,886,256,192,13.75,skipped,runtime-assets/wall_319.glb,13688,228,2,2,1,512,1048576,1,built,PASS,PASS,PASS,floorDecor,
wall_320,wall,Architecture,Wall 320,thumbnails/wall_320.webp,950,256,192,2.79,skipped,runtime-assets/wall_320.glb,9388,88,2,2,1,512,1048576,1,built,PASS,PASS,PASS,floorDecor,
wall_321,wall,Architecture,Wall 321,thumbnails/wall_321.webp,892,256,192,5.34,skipped,runtime-assets/wall_321.glb,5968,36,2,2,1,512,1048576,1,built,PASS,PASS,PASS,floorDecor,
wall_415,wall,Architecture,Wall 415,thumbnails/wall_415.webp,1084,256,192,49.39,skipped,runtime-assets/wall_415.glb,4804,20,1,1,1,512,1048576,1,built,PASS,PASS,PASS,floorDecor,
wall_436,wall,Architecture,Wall 436,thumbnails/wall_436.webp,886,256,192,14.99,skipped,runtime-assets/wall_436.glb,7932,64,2,2,1,512,1048576,1,built,PASS,PASS,PASS,floorDecor,
wall_cabinet,wall,Architecture,Wall Cabinet,thumbnails/wall_cabinet.webp,2974,256,192,60.16,skipped,runtime-assets/wall_cabinet.glb,366256,260,2,2,4,512,4194304,1,built,PASS,PASS,PASS,floorDecor,
wall_cabinet_001,wall,Architecture,Wall Cabinet 1,thumbnails/wall_cabinet_001.webp,2818,256,192,36.43,skipped,runtime-assets/wall_cabinet_001.glb,380988,559,2,2,4,512,4194304,1,built,PASS,PASS,PASS,floorDecor,
wall_cabinet_002,wall,Architecture,Wall Cabinet 2,thumbnails/wall_cabinet_002.webp,1904,256,192,21.03,skipped,runtime-assets/wall_cabinet_002.glb,367016,256,3,3,4,512,4194304,1,built,PASS,PASS,PASS,floorDecor,
wall_cabinet_003,wall,Architecture,Wall Cabinet 3,thumbnails/wall_cabinet_003.webp,2906,256,192,46.26,skipped,runtime-assets/wall_cabinet_003.glb,179412,564,3,3,3,512,3145728,1,built,PASS,PASS,PASS,floorDecor,
wall_cabinet_004,wall,Architecture,Wall Cabinet 4,thumbnails/wall_cabinet_004.webp,1612,256,192,23.81,skipped,runtime-assets/wall_cabinet_004.glb,194136,278,3,3,3,512,3145728,1,built,PASS,PASS,PASS,floorDecor,
wall_cabinet_005,wall,Architecture,Wall Cabinet 5,thumbnails/wall_cabinet_005.webp,2930,256,192,58.9,skipped,runtime-assets/wall_cabinet_005.glb,363396,200,2,2,4,512,4194304,1,built,PASS,PASS,PASS,floorDecor,
wall_cabinet_006,wall,Architecture,Wall Cabinet 6,thumbnails/wall_cabinet_006.webp,1558,256,192,35.16,skipped,runtime-assets/wall_cabinet_006.glb,444640,332,6,6,6,512,6291456,1,built,PASS,PASS,PASS,floorDecor,
wall_cabinet_007,wall,Architecture,Wall Cabinet 7,thumbnails/wall_cabinet_007.webp,914,256,192,2.93,skipped,runtime-assets/wall_cabinet_007.glb,210396,22,1,1,2,512,2097152,1,built,PASS,PASS,PASS,floorDecor,
wall_cabinet_008,wall,Architecture,Wall Cabinet 8,thumbnails/wall_cabinet_008.webp,1606,256,192,34.57,skipped,runtime-assets/wall_cabinet_008.glb,444652,332,6,6,6,512,6291456,1,built,PASS,PASS,PASS,floorDecor,
wall_cabinet_009,wall,Architecture,Wall Cabinet 9,thumbnails/wall_cabinet_009.webp,914,256,192,2.93,skipped,runtime-assets/wall_cabinet_009.glb,210400,22,1,1,2,512,2097152,1,built,PASS,PASS,PASS,floorDecor,
wall_cabinet_010,wall,Architecture,Wall Cabinet 10,thumbnails/wall_cabinet_010.webp,1950,256,192,52.22,skipped,runtime-assets/wall_cabinet_010.glb,358924,362,3,3,5,512,5242880,1,built,PASS,PASS,PASS,floorDecor,
wall_cabinet_011,wall,Architecture,Wall Cabinet 11,thumbnails/wall_cabinet_011.webp,2010,256,192,37.48,skipped,runtime-assets/wall_cabinet_011.glb,172040,156,2,2,3,512,3145728,1,built,PASS,PASS,PASS,floorDecor,
wall_cabinet_012,wall,Architecture,Wall Cabinet 12,thumbnails/wall_cabinet_012.webp,1884,256,192,44.18,skipped,runtime-assets/wall_cabinet_012.glb,252640,148,5,5,4,512,4194304,1,built,PASS,PASS,PASS,floorDecor,
wall_cabinet_013,wall,Architecture,Wall Cabinet 13,thumbnails/wall_cabinet_013.webp,1194,256,192,46.28,skipped,runtime-assets/wall_cabinet_013.glb,298956,184,3,3,4,512,4194304,1,built,PASS,PASS,PASS,floorDecor,
wall_cabinet_014,wall,Architecture,Wall Cabinet 14,thumbnails/wall_cabinet_014.webp,964,256,192,15.96,skipped,runtime-assets/wall_cabinet_014.glb,297356,126,4,4,4,512,4194304,1,built,PASS,PASS,PASS,floorDecor,
wall_cabinet_015,wall,Architecture,Wall Cabinet 15,thumbnails/wall_cabinet_015.webp,1940,256,192,35.99,skipped,runtime-assets/wall_cabinet_015.glb,9356,116,2,2,1,512,1048576,1,built,PASS,PASS,PASS,floorDecor,
wall_cabinet_016,wall,Architecture,Wall Cabinet 16,thumbnails/wall_cabinet_016.webp,2084,256,192,55.76,skipped,runtime-assets/wall_cabinet_016.glb,173824,198,2,2,3,512,3145728,1,built,PASS,PASS,PASS,floorDecor,
wall_cabinet_017,wall,Architecture,Wall Cabinet 17,thumbnails/wall_cabinet_017.webp,1694,256,192,25.21,skipped,runtime-assets/wall_cabinet_017.glb,174052,168,3,3,3,512,3145728,1,built,PASS,PASS,PASS,floorDecor,
wall_cabinet_018,wall,Architecture,Wall Cabinet 18,thumbnails/wall_cabinet_018.webp,1984,256,192,59.59,skipped,runtime-assets/wall_cabinet_018.glb,186380,144,2,2,3,512,3145728,1,built,PASS,PASS,PASS,floorDecor,
wall_cabinet_019,wall,Architecture,Wall Cabinet 19,thumbnails/wall_cabinet_019.webp,890,256,192,33.22,skipped,runtime-assets/wall_cabinet_019.glb,181328,74,1,1,2,512,2097152,1,built,PASS,PASS,PASS,floorDecor,
wall_cabinet_020,wall,Architecture,Wall Cabinet 20,thumbnails/wall_cabinet_020.webp,1300,256,192,29.11,skipped,runtime-assets/wall_cabinet_020.glb,190220,198,3,3,3,512,3145728,1,built,PASS,PASS,PASS,floorDecor,
wall_cabinet_021,wall,Architecture,Wall Cabinet 21,thumbnails/wall_cabinet_021.webp,1036,256,192,22.95,skipped,runtime-assets/wall_cabinet_021.glb,296876,138,3,3,4,512,4194304,1,built,PASS,PASS,PASS,floorDecor,
wall_cabinet_022,wall,Architecture,Wall Cabinet 22,thumbnails/wall_cabinet_022.webp,1080,256,192,51.68,skipped,runtime-assets/wall_cabinet_022.glb,212496,72,1,1,2,512,2097152,1,built,PASS,PASS,PASS,floorDecor,
wall_cabinet_023,wall,Architecture,Wall Cabinet 23,thumbnails/wall_cabinet_023.webp,2672,256,192,62.68,skipped,runtime-assets/wall_cabinet_023.glb,217152,374,2,2,3,512,3145728,1,built,PASS,PASS,PASS,floorDecor,
wall_cabinet_024,wall,Architecture,Wall Cabinet 24,thumbnails/wall_cabinet_024.webp,2682,256,192,60.16,skipped,runtime-assets/wall_cabinet_024.glb,144384,260,2,2,3,512,3145728,1,built,PASS,PASS,PASS,floorDecor,
wall_cabinet_025,wall,Architecture,Wall Cabinet 25,thumbnails/wall_cabinet_025.webp,2448,256,192,36.72,skipped,runtime-assets/wall_cabinet_025.glb,160328,559,2,2,3,512,3145728,1,built,PASS,PASS,PASS,floorDecor,
wall_cabinet_026,wall,Architecture,Wall Cabinet 26,thumbnails/wall_cabinet_026.webp,1790,256,192,21.86,skipped,runtime-assets/wall_cabinet_026.glb,146388,256,3,3,3,512,3145728,1,built,PASS,PASS,PASS,floorDecor,
wall_cabinet_027,wall,Architecture,Wall Cabinet 27,thumbnails/wall_cabinet_027.webp,2476,256,192,59.29,skipped,runtime-assets/wall_cabinet_027.glb,141772,200,2,2,3,512,3145728,1,built,PASS,PASS,PASS,floorDecor,
wall_cabinet_045,wall,Architecture,Wall Cabinet 45,thumbnails/wall_cabinet_045.webp,3622,256,192,45.94,skipped,runtime-assets/wall_cabinet_045.glb,179412,564,3,3,3,512,3145728,1,built,PASS,PASS,PASS,floorDecor,
wall_cabinet_058,wall,Architecture,Wall Cabinet 58,thumbnails/wall_cabinet_058.webp,2052,256,192,25.88,skipped,runtime-assets/wall_cabinet_058.glb,216356,278,3,3,3,512,3145728,1,built,PASS,PASS,PASS,floorDecor,
wall_cabinet_059,wall,Architecture,Wall Cabinet 59,thumbnails/wall_cabinet_059.webp,2756,256,192,65.16,skipped,runtime-assets/wall_cabinet_059.glb,208600,144,2,2,3,512,3145728,1,built,PASS,PASS,PASS,floorDecor,
wall_cabinet_060,wall,Architecture,Wall Cabinet 60,thumbnails/wall_cabinet_060.webp,2176,256,192,35.16,skipped,runtime-assets/wall_cabinet_060.glb,212444,198,3,3,3,512,3145728,1,built,PASS,PASS,PASS,floorDecor,
wall_cabinet_069,wall,Architecture,Wall Cabinet 69,thumbnails/wall_cabinet_069.webp,2398,256,192,55.01,skipped,runtime-assets/wall_cabinet_069.glb,349920,362,3,3,5,512,5242880,1,built,PASS,PASS,PASS,floorDecor,
wallpaper,wallpaper,Architecture,Wallpaper,thumbnails/wallpaper.webp,2576,256,192,20.7,skipped,runtime-assets/wallpaper.glb,255580,2,1,1,2,512,2097152,1,built,PASS,PASS,PASS,floorDecor,
wallpaper_001,wallpaper,Architecture,Wallpaper 1,thumbnails/wallpaper_001.webp,3280,256,192,34.61,skipped,runtime-assets/wallpaper_001.glb,255588,2,1,1,2,512,2097152,1,built,PASS,PASS,PASS,floorDecor,
wallpaper_002,wallpaper,Architecture,Wallpaper 2,thumbnails/wallpaper_002.webp,3016,256,192,34.61,skipped,runtime-assets/wallpaper_002.glb,258240,2,1,1,2,512,2097152,1,built,PASS,PASS,PASS,floorDecor,
wallpaper_003,wallpaper,Architecture,Wallpaper 3,thumbnails/wallpaper_003.webp,2454,256,192,35.05,skipped,runtime-assets/wallpaper_003.glb,256572,2,1,1,2,512,2097152,1,built,PASS,PASS,PASS,floorDecor,
wallpaper_004,wallpaper,Architecture,Wallpaper 4,thumbnails/wallpaper_004.webp,2830,256,192,34.61,skipped,runtime-assets/wallpaper_004.glb,257116,2,1,1,2,512,2097152,1,built,PASS,PASS,PASS,floorDecor,
wallpaper_005,wallpaper,Architecture,Wallpaper 5,thumbnails/wallpaper_005.webp,2174,256,192,20.7,skipped,runtime-assets/wallpaper_005.glb,257112,2,1,1,2,512,2097152,1,built,PASS,PASS,PASS,floorDecor,
wallpaper_006,wallpaper,Architecture,Wallpaper 6,thumbnails/wallpaper_006.webp,1978,256,192,20.7,skipped,runtime-assets/wallpaper_006.glb,256568,2,1,1,2,512,2097152,1,built,PASS,PASS,PASS,floorDecor,
wallpaper_007,wallpaper,Architecture,Wallpaper 7,thumbnails/wallpaper_007.webp,2344,256,192,20.57,skipped,runtime-assets/wallpaper_007.glb,258236,2,1,1,2,512,2097152,1,built,PASS,PASS,PASS,floorDecor,
wallpaper_014,wallpaper,Architecture,Wallpaper 14,thumbnails/wallpaper_014.webp,2446,256,192,34.83,skipped,runtime-assets/wallpaper_014.glb,257284,8,1,1,2,512,2097152,1,built,PASS,PASS,PASS,floorDecor,
wallpaper_015,wallpaper,Architecture,Wallpaper 15,thumbnails/wallpaper_015.webp,2166,256,192,35.05,skipped,runtime-assets/wallpaper_015.glb,256740,8,1,1,2,512,2097152,1,built,PASS,PASS,PASS,floorDecor,
wallpaper_016,wallpaper,Architecture,Wallpaper 16,thumbnails/wallpaper_016.webp,2700,256,192,34.61,skipped,runtime-assets/wallpaper_016.glb,257284,8,1,1,2,512,2097152,1,built,PASS,PASS,PASS,floorDecor,
wallpaper_018,wallpaper,Architecture,Wallpaper 18,thumbnails/wallpaper_018.webp,2366,256,192,35.05,skipped,runtime-assets/wallpaper_018.glb,256740,8,1,1,2,512,2097152,1,built,PASS,PASS,PASS,floorDecor,
wallpaper_020,wallpaper,Architecture,Wallpaper 20,thumbnails/wallpaper_020.webp,2648,256,192,35.7,skipped,runtime-assets/wallpaper_020.glb,258408,8,1,1,2,512,2097152,1,built,PASS,PASS,PASS,floorDecor,
wallpaper_021,wallpaper,Architecture,Wallpaper 21,thumbnails/wallpaper_021.webp,2930,256,192,34.61,skipped,runtime-assets/wallpaper_021.glb,258408,8,1,1,2,512,2097152,1,built,PASS,PASS,PASS,floorDecor,
wallpaper_023,wallpaper,Architecture,Wallpaper 23,thumbnails/wallpaper_023.webp,2792,256,192,35.27,skipped,runtime-assets/wallpaper_023.glb,255756,8,1,1,2,512,2097152,1,built,PASS,PASS,PASS,floorDecor,
wallpaper_024,wallpaper,Architecture,Wallpaper 24,thumbnails/wallpaper_024.webp,3142,256,192,34.61,skipped,runtime-assets/wallpaper_024.glb,255756,8,1,1,2,512,2097152,1,built,PASS,PASS,PASS,floorDecor,
wallpaper_026,wallpaper,Architecture,Wallpaper 26,thumbnails/wallpaper_026.webp,3052,256,192,34.61,skipped,runtime-assets/wallpaper_026.glb,255744,6,1,1,2,512,2097152,1,built,PASS,PASS,PASS,floorDecor,
wallpaper_027,wallpaper,Architecture,Wallpaper 27,thumbnails/wallpaper_027.webp,2862,256,192,34.61,skipped,runtime-assets/wallpaper_027.glb,258396,6,1,1,2,512,2097152,1,built,PASS,PASS,PASS,floorDecor,
wallpaper_028,wallpaper,Architecture,Wallpaper 28,thumbnails/wallpaper_028.webp,2336,256,192,35.05,skipped,runtime-assets/wallpaper_028.glb,256728,6,1,1,2,512,2097152,1,built,PASS,PASS,PASS,floorDecor,
wallpaper_029,wallpaper,Architecture,Wallpaper 29,thumbnails/wallpaper_029.webp,2654,256,192,34.83,skipped,runtime-assets/wallpaper_029.glb,257272,6,1,1,2,512,2097152,1,built,PASS,PASS,PASS,floorDecor,
window,window,Architecture,Window,thumbnails/window.webp,2902,256,192,36.23,skipped,runtime-assets/window.glb,11536,108,2,2,1,512,1048576,1,built,PASS,PASS,PASS,floorDecor,
window_028,window,Architecture,Window 28,thumbnails/window_028.webp,986,256,192,21.53,skipped,runtime-assets/window_028.glb,8208,64,2,2,1,512,1048576,1,built,PASS,PASS,PASS,floorDecor,
window_030,window,Architecture,Window 30,thumbnails/window_030.webp,1886,256,192,27.51,skipped,runtime-assets/window_030.glb,14516,154,2,2,1,512,1048576,1,built,PASS,PASS,PASS,floorDecor,
window_031,window,Architecture,Window 31,thumbnails/window_031.webp,1124,256,192,36.49,skipped,runtime-assets/window_031.glb,9328,80,2,2,1,512,1048576,1,built,PASS,PASS,PASS,floorDecor,
window_032,window,Architecture,Window 32,thumbnails/window_032.webp,2242,256,192,43.05,skipped,runtime-assets/window_032.glb,15636,170,2,2,1,512,1048576,1,built,PASS,PASS,PASS,floorDecor,
window_033,window,Architecture,Window 33,thumbnails/window_033.webp,1080,256,192,30.19,skipped,runtime-assets/window_033.glb,10020,88,2,2,1,512,1048576,1,built,PASS,PASS,PASS,floorDecor,
window_034,window,Architecture,Window 34,thumbnails/window_034.webp,1004,256,192,20.94,skipped,runtime-assets/window_034.glb,9460,80,2,2,1,512,1048576,1,built,PASS,PASS,PASS,floorDecor,
window_035,window,Architecture,Window 35,thumbnails/window_035.webp,926,256,192,33.97,skipped,runtime-assets/window_035.glb,6648,40,2,2,1,512,1048576,1,built,PASS,PASS,PASS,floorDecor,
window_036,window,Architecture,Window 36,thumbnails/window_036.webp,914,256,192,20.64,skipped,runtime-assets/window_036.glb,6648,40,2,2,1,512,1048576,1,built,PASS,PASS,PASS,floorDecor,
window_037,window,Architecture,Window 37,thumbnails/window_037.webp,1116,256,192,37.82,skipped,runtime-assets/window_037.glb,13048,166,2,2,1,512,1048576,1,built,PASS,PASS,PASS,floorDecor,
window_038,window,Architecture,Window 38,thumbnails/window_038.webp,968,256,192,23.93,skipped,runtime-assets/window_038.glb,9592,102,2,2,1,512,1048576,1,built,PASS,PASS,PASS,floorDecor,
window_039,window,Architecture,Window 39,thumbnails/window_039.webp,1084,256,192,37.34,skipped,runtime-assets/window_039.glb,9048,76,2,2,1,512,1048576,1,built,PASS,PASS,PASS,floorDecor,
window_040,window,Architecture,Window 40,thumbnails/window_040.webp,1056,256,192,22.13,skipped,runtime-assets/window_040.glb,9048,76,2,2,1,512,1048576,1,built,PASS,PASS,PASS,floorDecor,
window_041,window,Architecture,Window 41,thumbnails/window_041.webp,962,256,192,32.1,skipped,runtime-assets/window_041.glb,7776,56,2,2,1,512,1048576,1,built,PASS,PASS,PASS,floorDecor,
window_042,window,Architecture,Window 42,thumbnails/window_042.webp,942,256,192,18,skipped,runtime-assets/window_042.glb,7776,56,2,2,1,512,1048576,1,built,PASS,PASS,PASS,floorDecor,
window_043,window,Architecture,Window 43,thumbnails/window_043.webp,994,256,192,20.65,skipped,runtime-assets/window_043.glb,8488,68,2,2,1,512,1048576,1,built,PASS,PASS,PASS,floorDecor,
window_044,window,Architecture,Window 44,thumbnails/window_044.webp,1048,256,192,37.08,skipped,runtime-assets/window_044.glb,8484,68,2,2,1,512,1048576,1,built,PASS,PASS,PASS,floorDecor,
window_045,window,Architecture,Window 45,thumbnails/window_045.webp,1166,256,192,38.8,skipped,runtime-assets/window_045.glb,10448,96,2,2,1,512,1048576,1,built,PASS,PASS,PASS,floorDecor,
window_046,window,Architecture,Window 46,thumbnails/window_046.webp,998,256,192,24.52,skipped,runtime-assets/window_046.glb,9328,80,2,2,1,512,1048576,1,built,PASS,PASS,PASS,floorDecor,
window_047,window,Architecture,Window 47,thumbnails/window_047.webp,3964,256,192,50.46,skipped,runtime-assets/window_047.glb,14904,156,2,2,1,512,1048576,1,built,PASS,PASS,PASS,floorDecor,
window_048,window,Architecture,Window 48,thumbnails/window_048.webp,3518,256,192,50.46,skipped,runtime-assets/window_048.glb,10420,92,2,2,1,512,1048576,1,built,PASS,PASS,PASS,floorDecor,
window_049,window,Architecture,Window 49,thumbnails/window_049.webp,2732,256,192,36.23,skipped,runtime-assets/window_049.glb,9860,84,2,2,1,512,1048576,1,built,PASS,PASS,PASS,floorDecor,
window_050,window,Architecture,Window 50,thumbnails/window_050.webp,3398,256,192,50.77,skipped,runtime-assets/window_050.glb,10420,92,2,2,1,512,1048576,1,built,PASS,PASS,PASS,floorDecor,
window_051,window,Architecture,Window 51,thumbnails/window_051.webp,2548,256,192,36.5,skipped,runtime-assets/window_051.glb,9304,76,2,2,1,512,1048576,1,built,PASS,PASS,PASS,floorDecor,
work_table,work,Tables,Work Table,thumbnails/work_table.webp,3188,256,192,39.28,skipped,runtime-assets/work_table.glb,40796,686,3,3,1,512,1048576,1,built,PASS,PASS,PASS,coffeeTable,
work_table_001,work,Tables,Work Table 1,thumbnails/work_table_001.webp,1386,256,192,54.87,skipped,runtime-assets/work_table_001.glb,15656,196,1,1,1,512,1048576,1,built,PASS,PASS,PASS,coffeeTable,
work_table_002,work,Tables,Work Table 2,thumbnails/work_table_002.webp,2964,256,192,54.2,skipped,runtime-assets/work_table_002.glb,216548,296,2,2,3,512,3145728,1,built,PASS,PASS,PASS,coffeeTable,
work_table_003,work,Tables,Work Table 3,thumbnails/work_table_003.webp,3330,256,192,55.97,skipped,runtime-assets/work_table_003.glb,191112,196,2,2,3,512,3145728,1,built,PASS,PASS,PASS,coffeeTable,
work_table_004,work,Tables,Work Table 4,thumbnails/work_table_004.webp,2824,256,192,54.87,skipped,runtime-assets/work_table_004.glb,166444,326,2,2,3,512,3145728,1,built,PASS,PASS,PASS,coffeeTable,
work_table_005,work,Tables,Work Table 5,thumbnails/work_table_005.webp,2990,256,192,54.02,skipped,runtime-assets/work_table_005.glb,18876,344,2,2,1,512,1048576,1,built,PASS,PASS,PASS,coffeeTable,
work_table_006,work,Tables,Work Table 6,thumbnails/work_table_006.webp,1166,256,192,42.38,skipped,runtime-assets/work_table_006.glb,304480,344,3,3,4,512,4194304,1,built,PASS,PASS,PASS,coffeeTable,
work_table_007,work,Tables,Work Table 7,thumbnails/work_table_007.webp,2238,256,192,53.74,skipped,runtime-assets/work_table_007.glb,295412,344,3,3,4,512,4194304,1,built,PASS,PASS,PASS,coffeeTable,
work_table_008,work,Tables,Work Table 8,thumbnails/work_table_008.webp,2006,256,192,54.83,skipped,runtime-assets/work_table_008.glb,319548,342,3,3,4,512,4194304,1,built,PASS,PASS,PASS,coffeeTable,
work_table_009,work,Tables,Work Table 9,thumbnails/work_table_009.webp,3250,256,192,58.52,skipped,runtime-assets/work_table_009.glb,221304,356,3,3,3,512,3145728,1,built,PASS,PASS,PASS,coffeeTable,
work_table_010,work,Tables,Work Table 10,thumbnails/work_table_010.webp,3554,256,192,57.76,skipped,runtime-assets/work_table_010.glb,27244,604,1,1,1,512,1048576,1,built,PASS,PASS,PASS,coffeeTable,
work_table_011,work,Tables,Work Table 11,thumbnails/work_table_011.webp,2060,256,192,45.65,skipped,runtime-assets/work_table_011.glb,376632,342,4,4,5,512,5242880,1,built,PASS,PASS,PASS,coffeeTable,
work_table_012,work,Tables,Work Table 12,thumbnails/work_table_012.webp,2046,256,192,63.59,skipped,runtime-assets/work_table_012.glb,176648,592,3,3,3,512,3145728,1,built,PASS,PASS,PASS,coffeeTable,
work_table_013,work,Tables,Work Table 13,thumbnails/work_table_013.webp,2102,256,192,53.5,skipped,runtime-assets/work_table_013.glb,175888,212,3,3,3,512,3145728,1,built,PASS,PASS,PASS,coffeeTable,
work_table_014,work,Tables,Work Table 14,thumbnails/work_table_014.webp,1042,256,192,35.49,skipped,runtime-assets/work_table_014.glb,9228,104,1,1,1,512,1048576,1,built,PASS,PASS,PASS,coffeeTable,
work_table_015,work,Tables,Work Table 15,thumbnails/work_table_015.webp,1192,256,192,32.7,skipped,runtime-assets/work_table_015.glb,226816,328,2,2,3,512,3145728,1,built,PASS,PASS,PASS,coffeeTable,
work_table_016,work,Tables,Work Table 16,thumbnails/work_table_016.webp,2086,256,192,54.52,skipped,runtime-assets/work_table_016.glb,9228,104,1,1,1,512,1048576,1,built,PASS,PASS,PASS,coffeeTable,
work_table_017,work,Tables,Work Table 17,thumbnails/work_table_017.webp,2010,256,192,55.72,skipped,runtime-assets/work_table_017.glb,7600,78,1,1,1,512,1048576,1,built,PASS,PASS,PASS,coffeeTable,
work_table_018,work,Tables,Work Table 18,thumbnails/work_table_018.webp,970,256,192,24.5,skipped,runtime-assets/work_table_018.glb,7984,78,1,1,1,512,1048576,1,built,PASS,PASS,PASS,coffeeTable,
